Text,Weight,Word_Density,Noun_Count,Verb_Count,Adj_Count,Adv_Count,Pron_Count,Polarity
rt gkrahnkrahn wilmington stencil studio onlin shop bedroom wall decor like,0.0,6.25,10,0,0,0,0,0.0
namejanemorrow wors still mine russian my syria imag matter clear draw attent,0.2294157338705617,5.923076923076923,5,2,3,1,1,-0.0772
nato will stop at noth to support proxi armi isi stopbombingsyria syria serena shim,0.2357022603955159,5.533333333333333,7,3,0,0,0,-0.5789
franc push un draft resolut aleppo ceasefir ÿ±Ÿäÿ™ŸàŸäÿ™ syria,0.5345224838248488,5.6,8,0,0,0,0,0.0
pokemon syria moustafajano,0.2357022603955159,6.5,3,0,0,0,0,0.0
omojuwa and governmentrf refus stop aggress countri notabl ukrain syria,0.24253562503633294,6.454545454545454,9,0,0,0,0,-0.6808
oil power money assad must go syria,0.2886751345948129,4.375,5,1,0,0,0,0.0
rt mehabdullah9595 whi kill syria ÿ≠ŸÑÿ®ÿ≥ÿ™ÿ≠ÿßÿ¨ŸÉŸÖÿπŸÜÿØÿßŸÑŸÑŸá islam,0.2672612419124244,7.125,5,1,1,0,0,-0.6705
sale great select artwork modern abstract contemporari fineart wall pop,0.0,6.454545454545454,6,1,3,0,0,0.6249
middleeastey turkey extend mandat use troop iraq syria one year languag undefin syria,0.22360679774997896,6.071428571428571,11,1,0,0,0,0.128
rt karinziot impress scari video retainingwal wall will sure go motiv intro undergrad soil mech‚Ä¶,0.0,6.0,10,1,2,1,0,0.2732
rt hadeelalsh no one care one listen one stop waterfal blood aleppo hospit staff syria,0.1889822365046136,5.375,9,2,1,0,0,-0.4939
rt hadeelalsh no one care one listen one stop waterfal blood aleppo hospit staff syria,0.1889822365046136,5.375,9,2,1,0,0,-0.4939
three polic car set ablaz dresden ahead german uniti day berlin reuter unknown p world syria,0.2132007163556104,5.411764705882353,5,2,6,2,0,0.0
rt hadeelalsh no one care one listen one stop waterfal blood aleppo hospit staff syria,0.1889822365046136,5.375,9,2,1,0,0,-0.4939
how get one 5 thing know nobel prize stockholm ap ‚Äî actor yearn oscar syria,0.20412414523193154,4.6875,7,3,1,2,0,0.4588
rt harryslaststand while west right condemn war crime syria mute yemen bc saudiarabia interest matter more‚Ä¶,0.2132007163556104,6.294117647058823,10,2,3,0,0,-0.7269
the latest the newsd daili syria,0.2773500981126146,4.571428571428571,3,0,1,0,0,0.0
rt libyaso the latest libya sos daili news thank lablanchfanni fubarista northandrew aleppo syria,0.2085144140570748,6.466666666666667,8,2,3,0,0,0.4926
rt 75i led light bathroom light idea ‚Äì dusk til dawn bathroom wall paper,0.0,4.8,10,1,2,0,0,0.0
rt kepplervip the big reveal ‚Äì sea theme bedroom makeov space theme bedroom bedroom wall clock,0.0,5.529411764705882,13,1,1,0,0,0.0
rt crosiertomasa led light bathroom light idea ‚Äì dusk til dawn bathroom wall paper,0.0,5.466666666666667,11,1,2,0,0,0.0
uk usa henchman syria assad regim syria usa uk stopbombingsyria,0.2357022603955159,5.7272727272727275,5,0,5,0,0,0.0
rt dagmargreenle travel cook with kid kitchen wall tile furnitur,0.0,5.818181818181818,7,1,1,0,0,0.0
rt mistylady4 sale great select artwork modern abstract contemporari fineart wall pop‚Ä¶,0.0,6.615384615384615,8,1,3,0,0,0.6249
the latest the soliman daili thank dandiaasad ejozsef drjen syria libya,0.2357022603955159,5.916666666666667,5,1,3,0,0,0.4926
syria straight talk from syria un envoy,0.5773502691896258,4.875,4,1,1,0,0,0.2263
bassel disappear assad presion sinc 366 day there api counter syria freebassel,0.2182178902359924,6.0,5,3,1,2,0,-0.2263
rt aidnew the latest the daili aidbulletin thank afdfranc habitatday syria,0.2357022603955159,6.166666666666667,7,1,1,0,0,0.4926
20 kill 47 wound suicid attack target kurdish wed hasakah rojava syria ÿßŸÑÿ≠ÿ≥ŸÉÿ©,0.4364357804719848,5.5,5,3,2,0,0,-0.9201
bling backsplash hexagon brush metal mosaic wall tile ontrend warm mix metal wallcovering‚Ä¶,0.0,6.428571428571429,10,2,1,0,0,0.0
rt colconnaughton syrian war isi & amp ; western propaganda assad interview 10 quot syria assad stopbombing‚Ä¶,0.22360679774997896,6.0,9,2,3,0,0,-0.7096
rt hermius1 aleppo liber latest syria reuter bbcnew cnn ap nytim uk aleppo damascus hom amanpour guardian https‚Ä¶,0.2357022603955159,5.894736842105263,8,2,7,0,0,0.0
white hous disappoint russia putin suspend plutonium cleanup accord us ÿßŸÑŸÖÿ∫ÿ±ÿ® syria cairo,0.2182178902359924,6.357142857142857,8,2,2,0,1,-0.4767
genprev stori via emmjaye suvipatooja w2iproject r2p syria,0.2672612419124244,6.444444444444445,6,1,0,0,0,0.0
johnlennonwal lennonwal lennon johnlennon wall graffiti praha prague‚Ä¶ john lennon wall [ pic ] ‚Äî,0.0,6.0,15,0,0,0,0,0.0
disney dream wall üòç eva disney land pari,0.0,4.444444444444445,7,1,0,0,0,0.0
un council weigh measur impos aleppo ceasefir syria,0.5547001962252291,5.666666666666667,6,0,2,0,0,-0.29600000000000004
introduc nime white featur tile this eye catch tile avail pearl white grey wall diy,0.0,5.1875,9,1,3,0,0,0.0516
this rustic wall art add oodl nostalgia decor space interiordesign decor danc poster‚Ä¶,0.0,6.071428571428571,8,1,3,0,0,0.0
rt libyaso the latest libya sos daili news thank gihantadreft lablanchfanni solacium800 syria al‚Ä¶,0.2085144140570748,6.466666666666667,10,1,2,0,0,0.4926
the latest the salma salama daili thank khalidalameri sarahebeid zumba syria egypt,0.2294157338705617,6.3076923076923075,9,0,1,0,0,0.4926
rt julialosfelt tuesday bullshit photoshop abstract line illustr freelanc wall graffiti gra‚Ä¶ https‚Ä¶,0.0,7.071428571428571,10,1,2,0,0,-0.5859
brazil bank worker strike becom longest sinc 2004 sao paulo reuter a monthlong strike world syria,0.2085144140570748,5.705882352941177,12,0,2,0,0,-0.128
weaken is may find haven rural iraq syria voic america syria syrianew,0.2357022603955159,5.3076923076923075,6,3,2,0,0,-0.3182
rt missisty oklahoma interest free bedroom wall light wireless,0.0,6.2,7,0,2,0,0,0.743
rt cantwellsunday your bath hotelstyl towel rack bathroom wall cabinet,0.0,6.363636363636363,8,1,0,0,1,0.0
rt sone4karogova sweden 10 doubleduti nightstand bedroom wall decal,0.0,6.7,5,1,2,0,0,0.0
my dicaprio space bit thing leonardodicaprio leo dicaprio mylov wall‚Ä¶,0.0,6.2727272727272725,9,0,0,0,1,0.0
rt thewoodgraing pray hand wood ornament uniqu christian wall art religi decor etsyretwt etsy‚Ä¶,0.0,6.266666666666667,10,1,3,0,0,0.3612
rt lidavydova99536 pink and black zebra print bedroom accessori ‚Äì stylish bedroom decor idea bedroom wall sticker ‚Ä¶,0.0,6.052631578947368,14,0,2,0,0,0.0
rt vogg pink and black zebra print bedroom accessori ‚Äì stylish bedroom decor idea bedroom wall sticker ‚Ä¶,0.0,5.473684210526316,14,0,2,0,0,0.0
rt delciem black bedroom suit mirror dresser bedroom wall unit,0.0,5.636363636363637,9,0,1,0,0,0.0
rt crosiertomasa pink and black zebra print bedroom accessori ‚Äì stylish bedroom decor idea bedroom wall sticker ‚Ä¶,0.0,5.947368421052632,14,0,2,0,0,0.0
rt beckyguerrero93 free waitros food magazin kitchen wall color apparel,0.0,6.454545454545454,8,1,1,0,0,0.5106
rt lidavydova99536 woodbridg kitchen magazin kitchen wall decor loan,0.0,6.8,9,0,0,0,0,0.0
rt rentzrentzd newhampshir free waitros food magazin kitchen wall color,0.0,6.454545454545454,7,1,2,0,0,0.5106
rt candidamissi pink and black zebra print bedroom accessori ‚Äì stylish bedroom decor idea bedroom wall sticker ‚Ä¶,0.0,5.894736842105263,14,0,2,0,0,0.0
russia despatch one missil corvett mediterranean agenc moscow reuter a ru world syria,0.2294157338705617,6.071428571428571,8,1,2,0,0,0.0
great in grey beani autumn cloth leather hoodi fashionista femm girl unisex streetart wall,0.0,6.0,7,0,5,0,0,0.7034
the latest thank esamsar almasslim syria streetart,0.2132007163556104,6.25,4,1,1,0,0,0.4926
rt dbeltwrit i shoe convers art wall heffrondr shoe santamonica captionthi,0.0,6.166666666666667,9,2,0,0,0,0.0
rt directd3mocraci ww3 urgent info usarmi chief threaten war with russia nhs bbc syria nato uk‚Ä¶,0.2182178902359924,5.588235294117647,9,1,4,1,0,-0.2023
rt ma000111 shame onu potus johnkerri ambassadorpow us peac council usbehind horrif death & amp ; destruct syria https‚Ä¶,0.2085144140570748,5.95,11,1,3,0,1,-0.6124
newspyre360 that would awesom desk wall clock,0.0,5.625,4,1,0,0,0,0.6249
inspir interior better wall design interiordesign,0.0,7.0,4,0,0,2,0,0.7165
uk column news 24th aug 2016 child sex church abus syria hagu,0.25,4.6923076923076925,9,0,1,0,0,0.0
rt politicallaugh the islam state assad two side bad coin syria,0.2294157338705617,5.25,6,0,2,0,0,-0.5423
japan mount aso erupt report injuri tokyo reuter mount aso volcano jap world syria,0.19245008972987526,5.466666666666667,9,2,3,0,0,-0.29600000000000004
chines paper mock us elect say scandal buri real issu beij reuter two ch world syria,0.2132007163556104,4.9411764705882355,9,3,1,1,1,-0.7184
rt kovandir +18 albab syria the number kurdish victim turkish warplan canon 24 confirmedpictur one victim ‚Ä¶,0.2,5.944444444444445,10,2,2,0,0,-0.4767
a russiophil nazi you fuck fascist dog syria ukrain,0.30151134457776363,5.1,5,1,1,0,1,-0.5984
rt sarah131214 syriacivildef winner eye world syria,0.2294157338705617,6.375,7,0,0,0,0,0.4767
jihadi bride fled syria use life probat lesson fox news syria syrianew,0.2294157338705617,5.384615384615385,9,2,1,0,0,0.0
rt seldeeb war graffiti syria yes r besiegedbut pride pretti aleppo,0.2182178902359924,5.583333333333333,6,1,3,1,0,0.8221
alison linda press wall fuck odel linda alison wall press fuck,0.0,5.166666666666667,9,1,1,0,0,-0.6597
the latest the entrepreneurialist daili thank banderalmutlaq slaclab kredcarrol syria ies16,0.2357022603955159,7.583333333333333,8,0,1,0,0,0.4926
rt fastertagueur tree life 3615 streetart graffiti graff spray bomb wall pari,0.0,5.923076923076923,10,0,1,0,0,0.0
cyberblobb good peopl world love god particip syria iraq,0.2357022603955159,5.6,7,1,1,0,0,0.9231
the latest the ulrik beudgen daili thank schanzenini cbn2 bernardosampa syria,0.2357022603955159,6.416666666666667,7,0,2,0,0,0.4926
iraqi activist nadia murad win human right prize yazidi campaign libyan syria ŸÖÿµÿ±,0.2357022603955159,5.785714285714286,8,1,4,0,0,0.7906
some us forgotten us dronebomb innoc civilian yemen wikileak syria russia saudi pakistan iran houthi,0.2182178902359924,6.25,6,2,4,0,2,0.4707
pentagon hint possibl retali yemen missil fire washington reuter the pen world syria,0.2294157338705617,6.0,9,2,1,0,0,-0.34
this us come togeth make better world syria,0.19245008972987526,4.777777777777778,3,2,1,0,1,0.4404
warn world hillari want war russia aleppo syria russia hillaryclinton,0.24253562503633294,6.2727272727272725,8,1,1,0,0,-0.68
liveleak johnson slam russian action syria bomb rain aleppo the hous syria daeshbag,0.2132007163556104,5.928571428571429,8,1,2,0,0,0.0
wallpap women ass leg pavel smolenskiy lingeri high heel wall garter belt,0.0,5.615384615384615,7,2,3,0,0,0.0
the latest scisocscrib syria aleppo,0.3333333333333333,5.833333333333333,3,0,1,0,0,0.0
rt johnrentoul live stop war demo outsid russian embassi syria,0.2581988897471611,5.636363636363637,7,0,3,0,0,-0.7269
tinoseeb i want give someth back syria aleppo jemen iraq help redcross‚Ä¶,0.19245008972987526,5.461538461538462,7,3,1,1,0,0.0772
let syria icc stw,0.3779644730092272,3.4,2,2,0,0,0,0.0
the latest libya sos daili news thank raf2attac africasdaught icrc syria aleppo,0.2182178902359924,6.076923076923077,6,2,3,0,0,0.4926
tweetmovi ux watch isi mosul unfold assault plan iraqi women syria russia arabia jihadist,0.2294157338705617,5.933333333333334,8,1,5,0,0,0.0
expos white helmet lie syria syriacrisi aleppo damascus kurd holocaustaleppo putincrim assadcrim,0.25,7.384615384615385,7,1,4,0,0,-0.6616
saneprogress 2min vidanalystsocal syria moder = heinz 57 varieti jihadist handsoffsyria,0.2357022603955159,7.25,5,1,2,0,0,0.0
the latest the soliman daili thank libyanaffair simnasr syria libya,0.24253562503633294,6.090909090909091,5,1,2,0,0,0.4926
must watch syrian women fight us back syrian rebel do buy fedback propaganda syria ccot tcot,0.20412414523193154,5.411764705882353,5,6,2,0,1,-0.3736
syria complex issu heavi hand polici enact unit state may serious repucurss syria,0.2182178902359924,5.785714285714286,7,2,3,0,0,0.3612
thailand king bhumibol world longest reign monarch die 88 bangkok reuter kin world syria,0.2,5.866666666666666,9,2,1,0,0,0.0
rt ahsanjehangir the latest in my view thank tomthedrumm bdsgenev corndog420 syria aleppo,0.2357022603955159,6.357142857142857,8,1,1,0,1,0.4926
paul craig robert washington is insan washington insan hegemoni usa neocon syria russia proxi,0.2357022603955159,6.2,9,2,3,0,0,-0.4019
putin the onli world leader speak sens syria & amp ; the migrant crisi migrant refuge syria usa russia,0.9608341482251328,5.1,9,1,4,0,0,-0.6249
and editor say ya i read mind that alway syria iraq,0.24253562503633294,4.25,5,3,0,1,0,0.0
syria ceasefir unlik concern focus prevent wider conflict voic america voic syria,0.2,6.230769230769231,10,1,1,0,0,-0.34
the latest silverwood daili news thank 40wattathen tbt syria,0.2672612419124244,6.0,5,1,1,0,0,0.4926
wait light turn green kreativli place newyork wall light new york‚Ä¶ newszbreakin,0.0,6.076923076923077,7,1,4,0,0,0.0
crimin assad kill ppl deceiv anybodi spoof show syria aleppo,0.2294157338705617,5.454545454545454,5,2,2,0,0,-0.685
rt wooorldpolic what lesson learn histori aleppo syria,0.2672612419124244,6.0,4,2,1,0,1,0.0
the latest the best defens dod report thank techinfo savedbyhismerci teelin militari syria,0.22360679774997896,6.428571428571429,6,1,4,0,0,0.8356
inevit clash uspoli trump clinton syria russia pari cdnpoli ukpoli,0.2672612419124244,6.0,9,0,1,0,0,0.0
rt hermius1 countri suppli arm saudi kill civilian yemen syria reuter bbcnew cnn ap break wsj‚Ä¶,0.2182178902359924,5.529411764705882,12,1,3,0,0,-0.6908
the east asia studi daili stori via navalnew 9dashlin russia syria,0.24253562503633294,5.5,6,0,2,0,0,0.0
rt hermius1 countri suppli arm saudi kill civilian yemen syria reuter bbcnew cnn ap break wsj‚Ä¶,0.2182178902359924,5.529411764705882,12,1,3,0,0,-0.6908
syria uk offici make aggress statement war syria uk,0.2773500981126146,5.1,6,1,2,0,0,-0.1531
what human children doesnt even know yet earth syria alleppo,0.3592106040535498,5.454545454545454,2,3,2,2,1,0.0
china graft watchdog critic hong kong affair offic beij reuter the antigraft wa world syria,0.2132007163556104,5.6875,12,0,2,0,0,-0.34
nine arrest south africa polic student clash johannesburg johannesburg re world syria,0.2294157338705617,6.538461538461538,8,0,3,0,0,-0.4767
suicid bomber kill 17 baghdad shiit gather polic baghdad reuter a suicid bom world syria,0.2182178902359924,5.5,9,1,3,0,0,-0.9259999999999999
fantasi paper print etsi boho bohemian paper print set wall decor sundaymorn,0.0,5.846153846153846,9,1,2,0,0,0.0
rt colconnaughton in allianc alqaida israel is steal syria oil syria golan israel pillag pale‚Ä¶,0.2132007163556104,5.875,9,1,4,0,0,-0.5719
rt hamza780 map updat aleppo 15102016 hd thearabsourc thearabsourcea shtiar400 saa syria‚Ä¶,0.2357022603955159,6.846153846153846,9,0,1,1,0,0.0
nodapl hillari clinton donald j trump barack obama yemen syria china russia,0.25,5.769230769230769,8,1,1,1,0,0.0
oper 365 2 jefferson jay word ‚Äì 296 oh brett wall nostalgia old day love brett wall,0.0,4.611111111111111,9,2,2,0,0,0.0
rt kiksrock antimo icon wall ideviceart,0.0,5.571428571428571,6,0,0,0,0,0.0
rt diametricnew diametr stori via hugoturner1969 hannahallam freesongsing malliardreport syria,0.25,8.545454545454545,8,1,0,0,0,0.0
the latest the daniel danta daili thank marioniltinho syria,0.25,5.9,6,0,1,0,0,0.4926
turkey obama back syria rebel pledg allegi alqaeda isi captur dabiq syria whereplan armageddon war,0.4714045207910317,6.125,10,2,1,1,1,-0.6808
rt ninaburleigh america need chilcot report bushcheney + iraq + isi = syria mayb even trump maga imho ‚Ä¶,0.4364357804719848,5.15,13,3,2,1,0,0.0
india modi summit call pakistan mothership terror goa india reuter indi world syria,0.2085144140570748,5.928571428571429,11,1,1,0,0,0.0
the latest revolut and arabian news thank jonamorem syria aleppo,0.2581988897471611,5.818181818181818,6,0,2,0,0,0.4926
rt newstagoffici follow latest news conflict syria newstag,0.22360679774997896,6.444444444444445,5,0,2,1,0,-0.3182
rt frantownsend as aleppoisburn assad henchmen live life luxuri syria,0.2581988897471611,6.2727272727272725,6,1,2,0,0,0.0
dua weapon believ allepo syria üíî,0.3333333333333333,4.571428571428571,6,0,0,0,0,-0.29600000000000004
rt weactradio happen now syria russia potus2016,0.2132007163556104,5.875,5,1,0,1,0,0.0
from anoth point view yustagram potd mural wall art vsco vcscoph bonifacio global‚Ä¶,0.0,5.857142857142857,9,1,1,0,0,0.0
syria intellig chief egypt coordin anadolu agenc syria syrianew,0.2581988897471611,6.3,8,1,0,0,0,0.4767
nodapl mniwiconi hillari clinton donald j trump ami goodman podestaemail yemen syria,0.25,6.461538461538462,8,2,2,0,0,0.0
rt icitorg anatomi cyber jihad cyberspac new great equal syria taliban daesh wahhab isis‚Ä¶,0.4364357804719848,5.933333333333334,7,1,5,0,0,0.6249
aleppo bombard paus littl late us syria aleppo russia,0.24253562503633294,5.3,2,1,3,2,1,0.0
is gang deliv 7 villag turkish occup mercenari syria rojava,0.2581988897471611,5.363636363636363,4,1,3,1,0,0.0
rt kevinc74 christma concert lesfaurist 4 christian syria 1312 ndfchurchlondon aid eastern ch‚Ä¶,0.2085144140570748,6.714285714285714,9,0,2,0,0,0.0
dream catcher wall hang dreamcatch boho decor bohemian dreamcatch silver dream catcher boho dreamcat‚Ä¶,0.0,6.733333333333333,13,0,1,0,0,0.4588
aleppo the worst humanitarian disast sinc wwii not so fast mr kerri uspoli trump africa brazil syria,0.2182178902359924,5.555555555555555,9,0,4,2,0,-0.8481
noflyzon syria mean 70000 troop war russia accord us general russia warn could lead nuke war tytliv,0.1796053020267749,5.5,8,2,4,0,1,-0.872
the latest the agir daili thank aaronhomer1 tedsensei syria aleppo,0.24253562503633294,6.0,7,0,1,0,0,0.4926
militari sourc terrorist verg collaps northern hama syria,0.2581988897471611,6.333333333333333,5,0,3,0,0,-0.8074
hillari corrupt failur unfortun voter like trump worst enemi russiareset iraq libya syria isi,0.6123724356957946,6.2,11,0,2,0,0,-0.9078
turkish media strike kill 200 kurdish milit syria usa today syria syrianew,0.2294157338705617,5.6923076923076925,6,2,3,0,0,-0.802
rt wooorldpolic what lesson learn histori aleppo syria,0.2672612419124244,6.0,4,2,1,0,1,0.0
‚Äò attack terrorist aleppo way protect civilian ‚Äì assad syriapolit,0.24253562503633294,5.909090909090909,7,0,3,0,0,-0.3612
what bomb insan still fall skys syria yemen,0.24253562503633294,4.777777777777778,4,1,1,1,1,-0.1531
thebookofnoodl jag race so cool gorillaz russia syria donbass children ty,0.5547001962252291,6.083333333333333,8,1,1,1,0,0.6361
rt coachcaseyfit 9 ft wallü§î if first fail believ believ believ all rebound üôåüêíüí™üí• bonefrog tbt wall‚Ä¶,0.0,5.444444444444445,11,1,1,0,0,-0.6571
paul craig robert russia didnt attack the un aid convoy it a fals flag syria,0.4170288281141496,4.75,9,1,2,0,1,0.4303
peac fiscal reform would help colombia draw investor us offici bogota reuter colo world syria,0.22360679774997896,5.8125,6,3,4,0,1,0.7351
perspect pub wall decor london angel the old queen head,0.0,5.0,6,1,2,0,0,0.0
rt pb4p rboydbarrett denounc big power barbar bomb syrian peopl condemn ff doubl standard aleppo syria ‚Ä¶,0.2085144140570748,5.777777777777778,14,0,3,0,0,-0.3954
men place üî® littl garag cabanon old platenumb car tool formenon home wall,0.0,5.214285714285714,9,2,2,0,0,0.0
rt hermius1 countri suppli arm saudi kill civilian yemen syria reuter bbcnew cnn ap break wsj‚Ä¶,0.2182178902359924,5.529411764705882,12,1,3,0,0,-0.6908
the bomb concentr regim forc deirezzor point syria iraq break news,0.2182178902359924,5.5,8,1,1,0,0,0.0
composit pannel wall patio,0.0,5.2,4,0,0,0,0,0.0
video day batnaya battl near villag north mosul syria iraq break news,0.20412414523193154,5.3076923076923075,6,2,3,0,0,-0.3818
reshuffl loom greek pm sag poll seek debt relief athen reuter greek prim world syria,0.2085144140570748,5.25,11,0,4,0,0,0.0
news trump hillari elect syria opinion the grow threat russia,0.2,5.545454545454546,7,1,1,0,0,-0.4019
jap sushibar thebest turin uramaki sushi sashimi sumo boy wall inst‚Ä¶,0.0,5.666666666666667,10,0,1,0,0,0.0
putin vs world unsc use vito 5 time syria issu russiaoccupysyria like ukrain us & amp ; the wes‚Ä¶,0.2085144140570748,4.8,10,2,0,0,1,0.3612
the jungl camp franc what franc plan demolish socal jungl camp cala syria,0.17677669529663687,5.214285714285714,9,0,2,0,1,0.0
syrian write to american the terrorist are sent by your govern syria assad,0.24253562503633294,5.285714285714286,4,3,2,0,1,-0.7531
rt centochilometri we destroy countri hand syria,0.2773500981126146,6.0,4,1,1,0,1,-0.4939
syria sexi girl hbo adult program,0.31622776601683794,4.714285714285714,3,1,2,0,0,0.5267
meet terrorist syria photo syria aleppo,0.2886751345948129,5.571428571428571,5,0,1,0,0,-0.6588
hey littl guy üê¢ turtl üê¢ anim hand white wall cute littl instaanim vsco‚Ä¶,0.0,4.733333333333333,11,1,2,0,0,0.0
arabspr stori via caorc egypt syria,0.2886751345948129,5.0,4,0,1,0,0,0.0
asma alassad syria desert rose first ladi hell the guardian syria syrianew,0.2182178902359924,5.6923076923076925,6,1,3,1,0,-0.6808
syria nude girl pic fat girl boy sex video,0.2581988897471611,4.2,6,1,2,0,0,0.0
mike penc show give speech one start chant build wall im dumfound trumppence16 merica killari wall,0.0,5.764705882352941,12,1,1,0,0,-0.3595
the latest the stephan klemm daili thank zehub syria trump,0.24253562503633294,5.2727272727272725,4,2,2,0,0,0.4926
britain syria thejournali syria syrianew,0.30151134457776363,6.666666666666667,3,2,0,0,0,0.0
rt shahinbozorgi saudil coalit tehran back houthi violat ceasefir almost 1000 time syria ÿ≠‚Ä¶,0.2182178902359924,6.066666666666666,8,2,1,2,0,-0.5106
can even imagin syria,0.3333333333333333,4.2,1,1,0,1,0,0.0
the pari attack are just the begin pari attack syria regim chang falseflag,0.2294157338705617,5.285714285714286,5,2,2,1,0,-0.4404
michael rivero us media campaign to get hillari elect clinton ill syria,0.25,5.461538461538462,6,2,2,0,1,0.0
the latest polit incorrect thank hadouta kimberleeclin berniebabe2016 syria nodapl,0.2581988897471611,7.454545454545454,8,0,1,0,0,0.4926
rt brainerdoda ladi uniqu bathroom vaniti ‚Äì furnitur interior bathroom wall cover,0.0,6.230769230769231,11,0,1,0,0,0.0
rt champinem 16 magic thing you can do with fairi light bedroom wall mural,0.0,4.933333333333334,7,2,1,0,1,0.0
rt s3arch4isi towersight vla aut chose heavi cas usaf b52 spot north aleppo syria,0.2132007163556104,5.4,9,2,3,0,0,0.0
syria heavi clash mark end aleppo ceasefir the guardian syria syrianew,0.25,5.833333333333333,7,2,1,0,0,0.0
look youüòÇüòÇ background graffiti mural art hair messyhair blue vikaari wall‚Ä¶,0.0,6.166666666666667,7,0,3,0,0,0.0
rt raww the latest the raww scoop daili thank dwarfpoo healthhfitnss trappedinflesh syria chemtr‚Ä¶,0.19611613513818404,6.466666666666667,9,1,2,0,0,0.5848
rt evkulikova83991 interior wall sticker bedroom wall cabinet camera,0.0,6.8,8,1,0,0,0,0.0
the latest the casraw daili thank fulelo syria cat,0.25,5.0,6,0,1,0,0,0.4926
news trump hillari elect syria the make american pimp,0.2,5.3,4,2,2,0,0,0.0
the destruct successor us bomb town tlkyf northern mosul iraq syria break news,0.2182178902359924,5.571428571428571,9,1,1,0,1,0.0
mosul frantic grab oil freeforal johnkerri barackobama eu syria iraq kurdistan turkey,0.19245008972987526,6.538461538461538,10,0,2,0,0,-0.4404
news trump hillari elect syria 2 injur prison inmat set fire,0.19611613513818404,5.0,8,2,0,0,0,-0.7184
rt swapnishj captur zenfone3 nofilt wallart art urbanart homedecor wall design interi‚Ä¶ https‚Ä¶,0.0,6.642857142857143,11,0,2,0,0,0.0
rt impuls britain first transatlant left found anoth thing unit around redbrown syria ‚Ä¶,0.4264014327112208,5.8,7,3,2,0,0,0.0
mosul offens isi milit flee syria say tribal leader cnn intern syria syrianew,0.2357022603955159,5.5,8,2,3,0,0,-0.4588
itd difficult nofli zone syria also fight isi cnasdc,0.2581988897471611,5.2,5,1,2,1,0,-0.6124
paul craig robert 2013 syria washington is insan war policest syria stopbombingsyri,0.25,6.384615384615385,8,1,2,0,0,-0.4019
rt zuherjazmati when fascist love fascist ‚ù§ assad syria britainfirst aleppo,0.25,6.25,7,1,2,1,0,0.3818
it detail wall fall stone autumn streetphotgraphi agreatcaptur photowalk,0.0,7.2,7,1,0,0,1,0.0
rt libyaso the latest libya sos daili news thank barbarakub russia syria,0.2182178902359924,5.538461538461538,8,1,2,0,0,0.4926
uk usa henchman syria assad regim syria usa uk stopbombingsyria,0.2357022603955159,5.7272727272727275,5,0,5,0,0,0.0
us senat washington $ 500 million syrian train program aid terrorist isi syria,0.19245008972987526,5.571428571428571,6,1,2,0,1,-0.6249
festiv offer & gt ; shop onlin wall tapestri handicrunch visit,0.0,5.166666666666667,6,0,1,0,0,0.0
macmillan back syria assassin plot syria falseflag 1957 stopbombingsyria regimecha‚Ä¶‚Ä¶,0.2672612419124244,7.636363636363637,7,0,1,1,0,-0.5859
rt rtcnn news trump hillari elect syria manag trump the hardest job polit ‚Ä¶,0.1889822365046136,5.0,9,2,1,0,0,0.0
next 600 fc ‚Äì bmf bathroom furnitur bathroom wall paper,0.0,5.0,7,0,2,0,0,0.0
paini ‚Äì contemporari italian design tap bathroom kitchen kitchen wall sticker,0.0,6.416666666666667,9,1,1,0,0,0.0
the latest syria news,0.2357022603955159,4.2,2,0,1,0,0,0.0
rt lockleartonia indiana cheapest bathroom suit bathroom wall paper american,0.0,6.909090909090909,9,0,1,0,0,0.0
ideas4peac news affili stori via ffpglobal campaignnv socent syria,0.2581988897471611,6.6,6,0,2,0,0,0.0
rt kujawskimitch glass countertop kitchen bar bathroom bathroom wall,0.0,6.8,9,0,0,0,0,0.0
rt madersarina next 600 fc ‚Äì bmf bathroom furnitur bathroom wall paper,0.0,5.384615384615385,8,1,2,0,0,0.0
rt moscowtim russia flotilla flop moscow want impress world most laugh syria kuznetsov‚Ä¶,0.2294157338705617,6.214285714285714,8,2,3,0,0,0.6428
further proof anyon need isi russia & amp ; assad fight side aleppo syria,0.2085144140570748,4.866666666666666,7,1,3,1,0,-0.3818
jwattt i mention compar syria french revolut realli bitch go read book üò°üôÑ syria,0.2357022603955159,5.266666666666667,10,2,2,0,0,-0.624
the latest in my view thank srslynotnox danocluanaigh berky919 syria aleppo,0.25,6.25,5,1,2,0,1,0.4926
rt deplorablezo madam secretari rejectedtrumptvshow syria syrianrefuge maga hillaryforprison2016 sourceshaveconfirmed‚Ä¶,0.31622776601683794,10.727272727272727,9,0,1,0,0,0.0
brandpunttv world leaderssham shameshamesham syriasham shamesham shameshameshameshamesham syria syrianwar,0.08770580193070293,10.5,7,1,1,0,0,0.0
rt isiyasah cc bds leftist propagandist use palestinian caus attack syria,0.4850712500726659,6.083333333333333,9,0,2,0,0,-0.4767
what pressur wall & amp ; legal pressur wall news tip rental cathybrentrealest homeown,0.0,5.733333333333333,8,1,2,0,1,0.1531
rt bhbuildingbrian londonstonesw here pic that cri cope finish seat wall firepit will‚Ä¶,0.0,6.142857142857143,7,2,2,1,0,-0.4767
rt franscuen yellow wall yellow wall mexico monclova adida black colour life,0.0,5.846153846153846,7,1,3,1,0,0.0
david ick fals flag hoax & amp ; puppet terrorist fals flag syria terror freedom,0.24253562503633294,5.0,8,2,2,0,0,-0.6249
rt pofomina21539 larg small corner bath bathroom citi bathroom wall clad,0.0,6.0,9,1,1,0,0,0.0
rt franscuen yellow wall yellow wall mexico monclova adida black colour life,0.0,5.846153846153846,7,1,3,1,0,0.0
the latest intidar daili thank debnicolina tulindaloglu vpkivimaki syria palestin,0.2581988897471611,7.363636363636363,8,0,1,0,0,0.4926
rt moezx this saudi isi nusra ideolog america want hand syria iraq mosulop mosul ‚Ä¶,0.3713906763541037,5.125,10,3,1,0,0,0.4939
espana rajoypresident putin genocid murder aleppo syria shame blood hand marianorajoy serv t‚Ä¶,0.2182178902359924,6.642857142857143,12,0,1,0,0,0.0
rt asatyanarayanan hillaryclinton made million weapon deal creat greatest human suffer sinc wwii syria https‚Ä¶,0.2357022603955159,6.8125,10,1,3,0,0,0.1027
rt georgegalloway rent buy film hmv amazon itun etc dont let get away crime iraq syria isi alqaeda https‚Ä¶,0.2,5.25,15,2,0,0,0,0.1779
rt cowansqiana aidan gray home modern antiqu furnitur light decor store bedroom wall shelv,0.0,6.0,10,0,4,0,0,0.0
news trump hillari elect syria disney bring back muppet babi,0.2,5.454545454545454,7,2,0,1,0,0.0
rt pwhitiswh jacksonvill vaughan bassett furnitur bedroom wall decor,0.0,6.8,8,0,0,0,0,0.0
rt kokozaw5 essenza dexterilgatto ae jonaschnedi iwidget evynw wall g+ ssapp junesiphon thank üôèüèªüòç,0.0,6.466666666666667,13,1,0,0,0,0.4404
rt crosiertomasa idaho babi ‚Äì room bedroom wall unit comput,0.0,5.363636363636363,10,0,0,0,0,0.0
kerri plan balkanis syria via sharethi syria balkan assad ode yinon,0.24253562503633294,5.583333333333333,5,2,3,0,0,0.0
warcrim pile ngos work hand hand terrorist syria,0.2182178902359924,5.333333333333333,6,0,2,0,0,0.3182
uk column news 24th aug 2016 child sex church abus syria hagu,0.25,4.6923076923076925,9,0,1,0,0,0.0
rt iranpolici iran mullah regim underscor widespread dispatch irgc member syria freeiran‚Ä¶,0.2357022603955159,6.846153846153846,10,0,2,0,0,0.0
rt iranpolici iran mullah regim underscor widespread dispatch irgc member syria freeiran‚Ä¶,0.2357022603955159,6.846153846153846,10,0,2,0,0,0.0
this time even unreliefchief save usual angri exchang unsc meet syria,0.24253562503633294,5.75,5,1,3,1,0,-0.128
rt samvinograd the world forgiv us inact tragic true john allen charleslist genocid syria http‚Ä¶,0.2182178902359924,5.9375,5,4,4,0,1,-0.6679999999999999
microsoft aim wow highend pcs 3d softwar syria ŸÑŸäÿ®Ÿäÿß ÿßŸÑÿÆŸÑŸäÿ¨,0.24253562503633294,5.363636363636363,5,2,2,0,0,0.5859
the list mps without heart syria,0.2886751345948129,4.571428571428571,4,0,0,0,0,0.0
rt beckycarroll7 sec johnkerri chicagocouncil say find way end humanitarian crisi syria 1st need e‚Ä¶,0.18569533817705186,6.1875,11,2,1,0,0,-0.3716
hope rise breakthrough eucanada trade talk syria tuni middleeast,0.25,6.4,7,0,1,0,0,0.4215
rt rosenblatt77 garland cute rug for girl room bedroom wall design dc,0.0,5.3076923076923075,11,0,0,0,0,0.4588
rt koester19971 buy kitchen utensil ‚Äì your onlin shop home garden kitchen wall tile,0.0,5.533333333333333,11,1,1,0,1,0.0
ban ki moon repres crimin assad un shame u syria,0.2357022603955159,4.363636363636363,6,1,3,0,0,-0.8779
rt kovandir watch a kurdish femal sniper action turkish islamist alqaeda nsyria twitterkurd femalestate‚Ä¶,0.22360679774997896,6.933333333333334,7,1,5,0,0,0.0
rt taunyascal rang hood shop kitchen ventil & amp ; rang hood product kitchen wall color,0.0,5.176470588235294,10,1,2,0,0,0.0
gray stair andrecoandreco last day bitonto gray climat wall paint andreco‚Ä¶,0.0,6.166666666666667,6,1,3,0,0,0.0
at unesco syria complain isra archaeolog dig insid syria the time israel the ti syria,0.19245008972987526,5.3125,7,3,2,0,0,-0.3818
rt americantiledep a wonder bathroom stylish travertin tile üõÄ tile floor bathroomfloor bathroomwal wall interiors‚Ä¶,0.0,7.125,12,1,1,0,0,0.5719
the latest the hasan shahin daili thank supertrad leadership syria,0.24253562503633294,6.0,5,0,3,0,0,0.4926
aleppo brace harsh winter via almonitor syria,0.2886751345948129,5.625,4,0,2,0,0,-0.4404
the latest hella delici roundup syria,0.31622776601683794,5.285714285714286,4,0,1,0,0,0.6468
malaysia buy navi vessel china blow us manilakuala lumpur reuter malay world syria,0.2,5.857142857142857,6,3,3,0,1,0.0
rt natopapress day 2 gsmrome start carrabinieri expert mps back discuss migrant syria iraq follow live‚Ä¶,0.22360679774997896,6.0588235294117645,8,2,4,1,0,0.0
usa barackobama potus & amp ; russia putinrf ; enjoy play game kill syriairaq,0.2581988897471611,5.133333333333334,6,2,1,0,0,-0.0516
rt chambersrossana homelif ‚Äì bedroom makeov idea bedroom wall sticker,0.0,6.2727272727272725,10,0,0,0,0,0.0
rt georgegalloway rent buy film hmv amazon itun etc dont let get away crime iraq syria isi alqaeda https‚Ä¶,0.2,5.25,15,2,0,0,0,0.1779
rt schrupp97 bathroom suit fit & amp ; fixtur sale bathroom wall mirror,0.0,5.071428571428571,8,2,1,0,0,0.0
rt lstanbulda rykaminski jlaumann us saudi arabia still i guess iraq afghanistan yemen libya syria abughraib gtmo‚Ä¶,0.22360679774997896,6.333333333333333,9,4,2,1,1,0.0
hang photo got easier home wall decor tip style,0.0,4.7,6,1,2,0,0,0.4753
the latest the infohead journal russia thank eurasianet russiabeyond mfarussia syria uselect,0.2294157338705617,7.076923076923077,6,1,3,0,0,0.4926
rt mexodox the real face e aleppo reveal jihadist hellhol indistinguish libya iraq yemen afghan syria ‚Ä¶,0.2132007163556104,5.722222222222222,7,4,5,0,0,0.0
rt unicefethiopia children daili stori via irishaid vsointl giqyxybadoda unicef syria,0.24253562503633294,7.083333333333333,5,1,4,0,0,0.0
rt fryemarco wichita 10 doubleduti nightstand bedroom wall decal,0.0,6.4,6,1,1,0,0,0.0
rt sadsujudi syria if war crime war crime usa freeiran no2rouhani syriata‚Ä¶,0.18257418583505536,5.6923076923076925,10,0,1,0,0,0.9344
crush polit polit life religi ident prosper syria,0.2182178902359924,5.444444444444445,6,0,2,0,0,-0.4215
rt ahmadghanbari11 syria if war crime war crime usa freeiran no2rouhani s‚Ä¶,0.18257418583505536,5.6923076923076925,10,0,1,0,0,0.9344
the latest the akalash daili thank ukrainolut lebanon syria,0.24253562503633294,5.9,5,0,2,0,0,0.4926
rt ricekebabjam everi sunni syria rais hand make dua isi win cuz shia take mosul next‚Ä¶,0.2,5.0588235294117645,12,3,1,0,0,0.5859
tom heaton could save dinosaurus extinct jesus lord perform wall,0.0,5.818181818181818,6,1,2,0,0,0.4753
let green bus pick bastard syria saa ghouta,0.2581988897471611,4.777777777777778,6,1,1,0,0,-0.6124
northern ireland leader say special status provinc possibl brexit belfast reuter world syria,0.2294157338705617,6.571428571428571,10,1,2,0,0,0.4019
rt elguseva29305 sealant use prevent water get bath wall home improv stack exchang bathroom wall clock htt‚Ä¶,0.0,5.944444444444445,15,1,0,0,0,0.4767
rt gkrahnkrahn wilmington stencil studio onlin shop bedroom wall decor like,0.0,6.25,10,0,0,0,0,0.0
sudia tri aggrav ethnic differ iran syria cyrus arab foreignpolici,0.25,6.0,7,1,2,0,0,0.0
read borisjohnson number10gov potus bbcnewsnight bbcnew channel4new un syria unsc unga,0.5163977794943222,7.166666666666667,4,2,4,1,0,0.0
rt ehsani22 western polici maker media establish bankrupt end side alqaeda syria ‚Ä¶,0.2085144140570748,5.857142857142857,9,1,3,0,0,-0.6825
news trump hillari elect syria conway man said chant deplor,0.19611613513818404,5.363636363636363,7,2,1,0,0,0.0
rt emorynoga portland stencil studio onlin shop bedroom wall decor,0.0,6.0,10,0,0,0,0,0.0
news trump hillari elect syria facebook ad option could discriminatori,0.19611613513818404,6.363636363636363,6,3,0,0,0,0.0
rt moparvicd wenmay316 steph93065 crookedhilari syria russia emailscand podestaemails23 trump t‚Ä¶,0.2357022603955159,8.0,10,1,0,0,0,0.0
sorri west syrian peopl chosen assad isnt go anywher syria assad russia isi,0.2132007163556104,5.357142857142857,5,2,4,2,0,-0.0772
rt rcdefens us may need more troop syria via militarytim andrewtilghman,0.19245008972987526,5.916666666666667,4,2,2,0,1,0.0
rt auld1976 atlanta bedroom height tv stand bedroom wall clock district,0.0,5.916666666666667,10,1,0,0,0,0.0
syria women xxx sexual addict,0.3333333333333333,4.833333333333333,3,1,1,0,0,0.0
rt avautrav syria tank armour rock quit liter,0.2886751345948129,5.0,8,0,0,0,0,0.0
rt alalamchannel turkey send more troop northern syria,0.2085144140570748,6.0,3,1,4,0,0,0.0
rt colconnaughton a rose desert asma alassad ladi diana middl east assad syria usa regime‚Ä¶,0.19611613513818404,5.625,8,1,5,0,0,0.0
who said arresteddev realdonaldtrump wall halloween quot,0.0,7.0,4,1,1,0,1,0.0
great in grey beani autumn cloth leather hoodi fashionista femm girl unisex streetart wall,0.0,6.0,7,0,5,0,0,0.7034
the latest revolut and arabian news thank fardinmah rghebresi truthtellerzz syria iran,0.24253562503633294,6.615384615384615,8,0,2,0,0,0.4926
rt rtcnn news trump hillari elect syria fbi unlik finish review new email election‚Ä¶,0.2294157338705617,5.533333333333333,9,2,3,0,0,0.0
rt armandoorton indianapoli bathroom item bathroom wall clock phoenix,0.0,6.9,8,0,1,0,0,0.0
the latest nasso daili thank paulsalem kataebeng halloween syria,0.2672612419124244,6.4,6,0,2,0,0,0.4926
video barrack bomb gather peshmerga northeast mosul mortar iraq syria break news,0.2182178902359924,6.153846153846154,12,0,0,0,0,0.0
david ick the isi crisi the hidden hand syria newworldord neocon israel usa,0.2294157338705617,5.357142857142857,8,2,1,0,0,-0.2263
novemb 01 2016 0345am syrian armi play sim syria,0.6380711874576984,4.8,4,0,1,1,0,0.2023
were perfect control us plan oper islam state syria despit syria syrianew,0.20412414523193154,5.615384615384615,5,4,2,0,1,-0.4585
rt armandoorton indianapoli bathroom item bathroom wall clock phoenix,0.0,6.9,8,0,1,0,0,0.0
liveleak syria the new graveyard russian invad histori bear testimoni h syria daeshbag,0.2182178902359924,6.142857142857143,7,2,3,0,0,-0.29600000000000004
[ watch ] five short film go insid itali chaotic refuge recept system via opensocieti,0.4023689270621825,5.3125,7,1,4,1,0,-0.4939
rt yaxl playtim two southsudan refuge kid reach safeti busia uganda,0.4023689270621825,5.583333333333333,7,1,1,0,0,0.5574
rt bobneuf video happi worldsmileday syria refuge children wvlebanon & amp ; worldvisioncan,0.6565698352151748,6.5,6,3,2,0,0,0.5719
rt kabulwashington hot chaiwala refuge afghanistan paktia provinc saidkaram district chaiwalla,0.45624347841703794,7.833333333333333,9,0,2,0,0,0.0
rt kabulwashington hot chaiwala refuge afghanistan paktia provinc saidkaram district chaiwalla,0.45624347841703794,7.833333333333333,9,0,2,0,0,0.0
rt humanitystrong are are unicef we childrenfirst refuge migrant,0.7414213562373095,6.4,3,3,2,0,1,0.0
skittleg continu david kitto refuge cyprus sue donald trump et al copyright infring,0.3817206807583979,5.928571428571429,8,2,1,0,0,0.0
rt steve0423 the syrianrefuge raperefuge refuge children readi first day school üò†üò†üò† debat debates‚Ä¶,0.6565698352151748,6.533333333333333,10,2,1,0,0,0.4199
rt unicefukmedia this isnt refuge problem polit issu stellacreasi tell susannahbutt ‚Ä¶,0.348461712529338,6.538461538461538,10,1,0,0,0,0.3089
rt calix rama kattabeh tell challeng syrian refuge home demolish nowher go & amp ; much more‚Ä¶,0.3559563702119719,5.166666666666667,9,3,2,1,0,0.0772
rt eurosluggard im say xraylov refugeeh mp davidtcdavi uptight narcissist sig‚Ä¶,0.3639563886444922,6.5,6,2,3,0,0,-0.3818
rt counterjihadus state dept admit isi use refuge flow infiltr west,0.3916371550013242,5.583333333333333,10,1,0,0,0,0.29600000000000004
rt eminahrw syrian girl swing front refuge home greec she 10 hasnt spent one day school ever ‚Ä¶,0.2885537118791427,4.947368421052632,8,3,3,1,1,0.0
rt lotteleicht1 safe happi cheeki children a young syria refuge unicef support ‚Ä¶,0.5644707842690466,5.714285714285714,9,0,3,0,0,0.836
rt pa watch benedictcumberbatch discuss uk respons refuge crisi receiv humanitarian award in‚Ä¶,0.3639563886444922,6.642857142857143,9,1,3,0,0,-0.1531
pa eh soe digitalstori leav best friend move us karen refuge friendship,0.348461712529338,5.461538461538462,8,1,2,0,1,0.8126
rt pa watch benedictcumberbatch discuss uk respons refuge crisi receiv humanitarian award in‚Ä¶,0.3639563886444922,6.642857142857143,9,1,3,0,0,-0.1531
rt eminahrw syrian girl swing front refuge home greec she 10 hasnt spent one day school ever ‚Ä¶,0.2885537118791427,4.947368421052632,8,3,3,1,1,0.0
it fairi tale live end refuge crazyhaz thenorthwest,0.3916371550013242,5.666666666666667,4,1,2,0,1,0.0
rt thomdavi here research paper isakje i visit calai refuge camp creation 18 month ago https‚Ä¶,0.348461712529338,5.470588235294118,11,1,1,2,0,0.2732
rt sputnikint sever syrian refuge children found make cloth uk brand turkish factories‚Ä¶,0.9267766952966368,6.214285714285714,8,2,3,0,0,0.0
rt thomdavi here research paper isakje i visit calai refuge camp creation 18 month ago https‚Ä¶,0.348461712529338,5.470588235294118,11,1,1,2,0,0.2732
rt its2016cmon ayo man im refuge im starv dont touch might break $ 300 headphon fam,0.3017766952966369,4.882352941176471,10,2,1,0,0,-0.4215
for want understand activ calai today livestream thejungl calai refuge,0.4023689270621825,6.363636363636363,7,1,1,0,0,0.0
iraqi soldier help displac man push car arriv refuge camp town qayyarah south‚Ä¶,0.3226128574608258,5.571428571428571,11,1,1,0,0,0.3818
rt hannarosebutl watch maje kiwi came nz refuge syria cook mikevandeelzen kiwi live tonight http‚Ä¶,0.32853285321782955,6.0625,8,2,4,1,0,0.0
rt eminahrw syrian girl swing front refuge home greec she 10 hasnt spent one day school ever ‚Ä¶,0.2885537118791427,4.947368421052632,8,3,3,1,1,0.0
rt lucidhurrican break man kill former cowork va workplac shoot came us refuge kenya https‚Ä¶,0.3639563886444922,5.6875,7,4,3,0,1,-0.6705
rt lucidhurrican break man kill former cowork va workplac shoot came us refuge kenya https‚Ä¶,0.3639563886444922,5.6875,7,4,3,0,1,-0.6705
rt arabianverita saudi campaign distribut school bag hundr syrian refuge student jordan syria refugees‚Ä¶,0.4140342101788418,6.866666666666666,11,0,3,0,0,0.0
csfcanada laughterart realpatchadam joyologist laughter foreign accent puppet children refuge,0.6767766952966369,8.454545454545455,6,1,3,0,0,-0.3595
rt bdmowel italian prime minist repeat threat veto eu refuge quota countri,0.3916371550013242,5.6923076923076925,10,0,2,0,0,-0.5267
csfcanada laughterart realpatchadam joyologist laughter foreign accent puppet children refuge,0.6767766952966369,8.454545454545455,6,1,3,0,0,-0.3595
canadian becom immigr friend amid refuge crisi survey find,0.45624347841703794,5.8,5,1,2,0,0,-0.1585
a garder middl jungl afghan refuge calai asylum,0.4023689270621825,5.222222222222222,6,0,0,0,0,0.0
rt cause2createuk join hack workshop london & amp ; help creat real chang affect refuge crisi createchang ht‚Ä¶,0.3639563886444922,5.7368421052631575,12,3,1,0,0,0.0772
rt nikoliaa watch aj video music help refuge children heal trauma war lesbo,0.5525858577612696,5.357142857142857,8,1,4,0,0,-0.6705
rt wrcommiss our cgi2016 commit 2 transit syrian refuge women+girl fr cash asst 2 workforc win all‚Ä¶,0.348461712529338,5.5,11,2,1,0,1,0.7506
pull sea migrant \refuge learn fate via reuterstv,0.9267766952966368,5.444444444444445,6,0,1,0,0,0.0
rt abcnew icymi perth lawyer rais ugandan refuge camp flee south sudan win industri award‚Ä¶,0.4140342101788418,5.625,9,1,5,0,0,0.5719
we ought talk open children hivaid refuge support grp member facilit fi‚Ä¶,0.5309073193326754,5.538461538461538,6,2,2,0,1,0.4019
rt wfp listen vamtalk & amp ; discov bigdata analysi help track refuge movement lebanon ‚Üí‚Ä¶,0.4267766952966369,5.294117647058823,8,5,1,0,0,0.3818
rt ozrefugeecounc can anyon rememb last time saw fair go it anywher near refuge polici that sure ht‚Ä¶,0.3116736307086359,5.2631578947368425,6,4,3,1,1,0.5574
this gave hope i lost 5 year ago meet nadia 19 yr old syrian refuge mewesyria program syria,0.5309073193326754,4.7894736842105265,8,3,3,1,0,0.1531
rt davidmann propos refuge visa ban law would impos lifelong sentenc victim persecut & amp ; set anoth danger p‚Ä¶,0.3559563702119719,5.333333333333333,12,2,1,0,0,-0.8805
rt honeputu refuge legisl noth dutton distract 2 take mind refuge rot manus & amp ; nauru,0.3639563886444922,4.944444444444445,11,1,0,0,0,-0.4336
techfuge tech community92 respons refuge crisi hack4refuge techfuge sydney,0.3639563886444922,7.4,7,1,1,0,0,-0.6249
rt peterwmurphy1 dear pm turnbullmalcolm thank protect us asylumseek yknow like refuge agueknyokauspol htt‚Ä¶,0.3916371550013242,7.133333333333334,8,2,2,0,1,0.807
rt actionfromch heartbreak word refuge ladi come athenacentreforwomen chio,0.3916371550013242,7.4,6,3,0,0,0,-0.4588
rt worldvisionir if educ life return re educ refuge children kidsdeservebett worldvision‚Ä¶,0.6565698352151748,6.846153846153846,9,1,1,0,0,0.0
rt worldvisionir if educ life return re educ refuge children kidsdeservebett worldvision‚Ä¶,0.6565698352151748,6.846153846153846,9,1,1,0,0,0.0
rt worldvisionir if educ life return re educ refuge children kidsdeservebett worldvision‚Ä¶,0.6565698352151748,6.846153846153846,9,1,1,0,0,0.0
rt refugeeact as halloween here stori refuge famili love harrypott thank michell sharing‚Ä¶,0.3559563702119719,6.357142857142857,9,1,1,1,0,0.7783
rt iactrippl plant seed protect peac & amp ; learn refuge children & amp ; communiti becom iact sustain action https‚Ä¶,0.5414213562373096,5.318181818181818,10,3,2,0,0,0.5423
rt politicalislam whi let innew video dismantl case refuge influx securefreedom http‚Ä¶,0.3725212401980843,6.538461538461538,9,1,2,0,0,0.0
rt ozrefugeecounc aus refuge polici separ famili everi day yesterday propos would make lifelong realiti thousands‚Ä¶,0.3817206807583979,6.705882352941177,9,2,3,0,0,0.0
rt islamicrelief what motiv shawki come work everyday opportun help refuge children need ‚Ä¶,0.5026971092138263,6.0,6,4,3,0,1,0.6705
rt konk malcolm turnbul refuge polici perfect summaris 1 davpop cartoon qanda,0.4023689270621825,5.923076923076923,9,1,1,0,0,0.6369
rt refugeeact as halloween here stori refuge famili love harrypott thank michell sharing‚Ä¶,0.3559563702119719,6.357142857142857,9,1,1,1,0,0.7783
barrel bomb hit largest hospit rebelheld aleppo dkaid dkmedier dkpol syria via yahoonew,0.2294157338705617,6.214285714285714,7,2,3,0,0,0.0
liveleak aleppo main hospit rebel side bomb russian warplan sy syria daeshbag,0.2182178902359924,5.923076923076923,6,2,4,0,0,-0.1531
syria conflict besieg area aleppo live hell bbc news bbc newssyria conflict besieg syria,0.19611613513818404,5.866666666666666,8,2,2,2,0,-0.8481
un syria a level savageri human endur cnn cnnun syria a level syria,0.3333333333333333,4.785714285714286,7,2,2,0,0,-0.6908
rt jonhutson the latest the humanright daili thank holzmank homapourasgari akasassinak syria aleppo,0.22360679774997896,7.071428571428571,8,1,2,0,0,0.4926
rt sam325 russian syrian warplan accus destroy syria cave hospit syria hospit,0.2182178902359924,5.923076923076923,8,2,2,0,0,-0.7003
christian leader urg safe zone aleppo aljazeera ÿßŸÑÿ≥ÿπŸàÿØŸäÿ© syria,0.2672612419124244,6.2,6,0,3,0,0,0.4404
the obama administr consid adoptarefuge plan open us door via bpolit syria,0.5771571050001026,5.6923076923076925,7,1,1,0,1,0.0
liveleak usa russia diplomat breakdown syria just week ago world f syria daeshbag,0.2182178902359924,5.785714285714286,8,0,2,2,0,0.0
vote un chief move key stage guterr top pick unit nation reuter a world syria,0.20412414523193154,4.8125,10,0,4,0,0,0.6523
i support white helmet god job i person interest whose syrian peopl victiml sacr syria onu,0.18257418583505536,5.294117647058823,11,0,4,0,1,0.7783
residenti area obliter russian bomb aleppo syria russia iran terror,0.24253562503633294,6.090909090909091,6,1,3,0,0,-0.8271
rt drshajulislam this differ make hospit syria help us help ukactionrefugee‚Ä¶,0.2085144140570748,6.333333333333333,5,4,0,0,1,0.6872
rt hakkad88 be voic voiceless syria sos human extermin act2endassadswar,0.19245008972987526,6.454545454545454,5,2,3,0,0,0.0
build wall two wall,0.0,3.8,2,1,0,0,0,0.0
rt rutgerschurchni sunday11 learn situat syria & amp ; impact refuge crisi pcusa refuge wechoosewelcom syria uws‚Ä¶,0.621052888871886,6.277777777777778,13,1,1,0,0,-0.6249
unicef twin girl syria aleppo children forget smile life refugeecamp‚Ä¶,0.4714045207910317,6.2727272727272725,6,1,3,0,0,0.0
directd3mocraci ww3 usarmi war russia nhs bbc syria nato uk eu youtub old news alreadi war alreadi,0.4364357804719848,5.444444444444445,11,1,4,1,0,-0.5994
a must read summari syria russia nato,0.2773500981126146,4.625,2,2,1,0,0,0.0
what realli happen aleppo syria reuter bbcnew cnn ap itn damascus hom amanpour guardian,0.2294157338705617,5.8,7,3,3,0,1,0.0
250000 150000 90000 trap aleppo theyr make number go along syria,0.2,5.333333333333333,5,2,0,0,0,-0.5267
eu offici see end sanction russia ukrain uae syria ŸÖÿµÿ±,0.2357022603955159,4.909090909090909,4,1,4,0,0,-0.29600000000000004
refworld syrian arab republ unit nation crossbord oper unsc resolut 2165219 syria,0.2294157338705617,6.230769230769231,8,0,2,0,0,0.4215
the truth aleppo syria syriacrisi aleppo damascus kurd holocaustaleppo putincrim assadcrim,0.25,7.5,6,1,3,0,0,0.3182
intern aid truck arriv syrian town madaya syria aid seig,0.2357022603955159,5.090909090909091,7,0,3,0,0,0.0
metalhead respect solidar syria metalhead respect syria chariti concert metal jakarta‚Ä¶ [ pic ] ‚Äî,0.4364357804719848,6.0,14,0,1,0,0,0.6486
finland host un aid summit syria uutisvahti finland un syria,0.5,5.454545454545454,6,1,3,0,0,0.0
war propaganda syriaÔøΩ destruct lie western media syria hegemoni usa propaganda media 1,0.20412414523193154,6.142857142857143,7,1,4,0,0,-0.9081
rt colconnaughton stopbombingsyria europ refuge crisi deprav moral david cameron syria https‚Ä¶,0.22360679774997896,7.153846153846154,9,1,2,0,0,-0.6249
syria ff paulo34 hadialbahra nightsideaeb syria aleppo,0.2773500981126146,6.75,5,1,1,0,0,0.0
aleppo air strike kill 14 member one famili say rescuer syria aleppo,0.24253562503633294,5.230769230769231,6,3,0,1,0,-0.6124
rt sherinet glad hear mani member state talk need accountabilityhop follow unga syria,0.2132007163556104,6.071428571428571,8,1,4,0,0,0.4588
anoth helpless syrianrefuge child arriv london morn glad help refugeeswelcom,0.0,6.909090909090909,5,1,3,0,0,0.4019
intern aid truck arriv syrian town madaya syria aid seig,0.2357022603955159,5.090909090909091,7,0,3,0,0,0.0
rt ovr2you proof isisisisrael reason 4 proxi war syria expans zionist ‚Ä¶,0.2,5.461538461538462,7,2,1,0,0,-0.6688
rt robertbreez here bottom line syria refuge calai showsomefuckingcompass,0.2581988897471611,7.3,6,1,1,1,0,0.0
rt hopesarout syria deirezzor a littl girl tri collect cook oil spill floor drop aid by‚Ä¶,0.20412414523193154,5.176470588235294,12,2,1,0,0,0.0
asosheretohelp marksandspenc nextoffici stop syrianrefuge children exploit suppli chain,0.2886751345948129,8.7,7,1,1,0,0,-0.6696
rt mahiman73 who kill innoc ppl syria & amp ; yemen jew christian neither hindus muslims‚Ä¶,0.2294157338705617,5.235294117647059,7,2,3,0,1,-0.25
make america great trumpwal,0.0,5.4,3,0,1,0,0,0.6249
un aid chief voic ‚Äò deep frustrat medic evacu plan aleppo scrap syria iraq,0.4588314677411235,4.933333333333334,9,1,4,0,0,0.0
mother agn aleppo lie syria reuter bbcnew cnn ap break wsj worldnew time guardian skynew,0.22360679774997896,5.5,8,1,6,0,0,-0.4215
human right watch is group mine kill wound hundr civilian includ dozen children syria town ap hrw syria,0.4170288281141496,5.421052631578948,11,3,4,0,0,-0.6908
rt terryandov 300 civilian kill us atttack syria reuter bbcnew cnn ap break wsj worldnew guardian skynew htt‚Ä¶,0.2294157338705617,5.7368421052631575,6,3,6,0,1,-0.6705
rt drshajulislam 14 children kill still hold bag head school idlib syria today how sad pleas share‚Ä¶,0.4264014327112208,5.5,7,4,3,2,0,-0.743
mother agn aleppo lie syria reuter bbcnew cnn ap break wsj worldnew time guardian skynew,0.22360679774997896,5.5,8,1,6,0,0,-0.4215
franc open support brutal tortur slay 250 children syria financi militari aid,0.4082482904638631,5.923076923076923,8,1,2,0,0,-0.7579
rt manatru syria uk assad russia nato serenashim knew could allow live woth knowledg ‚Ä¶,0.20412414523193154,5.375,9,2,3,0,0,0.0
rt natopapress start tomorrow gsmrome seminar libya mena westernbalkan syria iraq more inform itenfr‚Ä¶,0.24253562503633294,6.733333333333333,10,0,3,1,0,0.0
rt afpphoto syria children run cover follow report govern air strike rebelheld town douma afp photo‚Ä¶,0.2182178902359924,5.882352941176471,11,3,1,1,0,-0.3612
middleeastey rebel fire kill six children aleppo languag undefin syria,0.5163977794943222,6.363636363636363,7,0,2,0,0,-0.7579
rt behzadmoezi im cri today mullah whip children iran shame either2destroy kidsn syria https‚Ä¶,0.20412414523193154,6.2,10,3,1,0,0,-0.8126
üò¢üò¢üò¢ syria terrorismhastostop endwar idlib syriacrisi syria,0.4082482904638631,7.25,4,0,3,0,0,0.0
rt hasanalmossa our children condemn hope syria,0.5773502691896258,5.875,4,2,0,0,1,0.0
rt sumersloan never forget children world lost syria iraq gaza worldwid,0.4472135954999579,5.916666666666667,7,2,1,1,0,-0.1615
rt abihabib civilian west aleppo fall victim fsa rebel launch rocket suicid attack syria,0.2182178902359924,5.866666666666666,11,0,2,0,0,-0.8979
rt hasanalmossa our children condemn hope syria,0.5773502691896258,5.875,4,2,0,0,1,0.0
rt drudgeheadlin rancher yearn trump wall it cartel land,0.0,5.6,7,1,0,0,1,0.0
rt radioirava im cri today mullah whip children iran shame either2destroy kidsn syria https‚Ä¶,0.2,6.133333333333334,10,3,1,0,0,-0.8126
this heartbreak the remain drs syria real hero,0.2581988897471611,5.111111111111111,2,1,3,0,0,0.0772
this gave hope i lost 5 year ago meet nadia 19 yr old syrian refuge mewesyria program syria,0.5309073193326754,4.7894736842105265,8,3,3,1,0,0.1531
australia plan ban asylum seeker ever visit canberra australia ap ‚Äî australia sund syria,0.19611613513818404,5.866666666666666,9,2,2,1,0,-0.5574
underfollow syria pleas ff 4 syria stephenalbert11 syria,0.25,6.222222222222222,3,1,3,0,0,0.3802
realdonaldtrump may need build wall northern border canada gone stupid üõá islam,0.0,6.0,5,3,3,0,0,-0.5267
rt joseek alqaeda fighter syria notic usaid background,0.24253562503633294,6.0,7,0,1,0,0,-0.0516
to syria love delawar ship suppli refuge the news journal syria syrianew,0.2357022603955159,5.538461538461538,5,4,1,0,0,0.6369
rt msfsea meet jamila mum 10 grandma 13 & amp ; syrian refuge she know shell stuck greec month so‚Ä¶,0.2885537118791427,4.666666666666667,9,2,3,1,1,-0.25
rt fbhutto meron semedar refuge eritrea at oyw ottawa carri refuge flag the‚Ä¶,0.696923425058676,5.428571428571429,10,0,1,0,0,0.0
rt refugeestori the carpent lampedusa this inspir man make cross dead abandon refuge boat ‚Ä¶,0.348461712529338,5.6875,7,2,3,1,0,-0.6705
ladygaga nfl foxtv pepsi punish tortur mother & amp ; got refuge fraud nyc robert marcon,0.3639563886444922,5.176470588235294,8,1,3,0,0,-0.8286
the latest the refuge daili thank ad198741 ozrefugeecounc kathrynbuford refuge cultur,0.4023689270621825,7.083333333333333,8,0,1,0,0,0.4926
rt yaxl a young southsudan refuge medic screen she left yei brother shot dead she doesnt kno‚Ä¶,0.348461712529338,5.166666666666667,8,3,2,0,2,-0.6486
rt dwnew hungarian voter weigh refuge quota follow fannyfacsar budapest ‚Ä¶,0.4862107310537404,6.083333333333333,8,1,2,0,0,0.0
when get impati perhap think again‚Ä¶ refuge,0.4927992798267444,5.25,2,2,1,1,0,-0.29600000000000004
rt rtcom urgent 95 % hungarian vote eu refuge quota referendum invalid due low turnout exit poll ‚Ä¶,0.7729851983261213,5.157894736842105,10,1,6,0,0,-0.2224
rt dijkstrahylk hungari referendum blow orban but 95 % voter said eu polici refuge realloc that the‚Ä¶,0.7567100029932011,5.555555555555555,12,1,1,0,0,0.0
rt rtcom urgent 95 % hungarian vote eu refuge quota referendum invalid due low turnout exit poll ‚Ä¶,0.7729851983261213,5.157894736842105,10,1,6,0,0,-0.2224
rt rtcom 98 % hungarian reject refuge quota low turnout rule referendum invalid earli result,0.8089570206700691,5.75,10,1,3,0,0,-0.5423
rt rtcom 98 % hungarian reject refuge quota low turnout rule referendum invalid earli result,0.8089570206700691,5.75,10,1,3,0,0,-0.5423
rt mediagovgr 71 new arriv eastern aegean island read summari statement refuge flow 3102016 ref‚Ä¶,0.3559563702119719,6.0,6,2,5,0,0,0.0
rt unicefuk thank sarahwollaston carolineansel & amp ; jasonmccartney urg amberruddmp reunit refuge children t‚Ä¶,0.6565698352151748,6.9375,10,0,3,0,0,0.3612
hungari referendum refuge quota rule invalid migrant europ,0.9907659622418868,6.444444444444445,7,0,1,0,0,0.0
rt doamuslim syrian refuge children detain beaten & amp ; strip nake carri toy gun greec ‚Ä¶,0.6053274785083769,5.0,9,2,3,0,0,-0.6705
rt daystotrump czech presid zeman say muslimbrotherhood mastermind refuge crisi financ sever countri ‚Ä¶,0.4023689270621825,6.8,13,1,0,0,0,-0.6249
rt hpsustain were ad hp learn studio lebanon & amp ; jordan help empow refuge children ‚Ä¶,0.5209829429477049,4.888888888888889,9,4,1,0,0,0.4019
rt jennavehvi eu deport afghan asylum seeker back not sustain way resolv situat europ refuge ‚Ä¶,0.3414213562373095,5.529411764705882,12,2,0,2,0,0.3818
ethiopia creat 100000 job tackl refuge problem via qzafrica,0.4140342101788418,5.9,5,0,1,1,0,-0.128
ladygaga punish tortur mother & amp ; got refuge fraud nyc robert marcon,0.3916371550013242,5.142857142857143,7,1,3,0,0,-0.8286
rt unicefuk i dont famili im orphan i need help a 14yearold afghan refuge talk alon abus gre‚Ä¶,0.2885537118791427,4.894736842105263,11,3,0,0,0,-0.6486
rt matrefugeeconf want know free confer refuge asylumseek matexp pleas rt spread word https‚Ä¶,0.3559563702119719,6.133333333333334,8,2,3,1,0,0.3818
rt philippedam which eu state contribut enough refuge reloc greec & amp ; italy‚Ä¶,0.3414213562373095,5.333333333333333,9,1,1,0,0,0.0
eu could order return refuge crisi fund athen urg acceler process,0.4023689270621825,5.416666666666667,7,1,2,0,0,-0.6249
rt gerrysimpsonhrw eu return reject asylum seeker conflictwrack afghanistan risk fuell instabl & amp ; new refuge flo‚Ä¶,0.4023689270621825,6.2105263157894735,13,1,2,0,0,-0.6597
primeministergr stop forcibl deport turkey first refuge euturkeyd,0.5147120609333741,7.222222222222222,5,2,0,1,0,-0.29600000000000004
primeministergr stop forcibl deport turkey first refuge euturkeyd,0.5147120609333741,7.222222222222222,5,2,0,1,0,-0.29600000000000004
rt wiebkejudith primeministergr stop forcibl deport turkey first refuge euturkeyd,0.4140342101788418,7.363636363636363,7,2,0,1,0,-0.29600000000000004
the refugeesidp daili stori via labor4refugees1 refugeestudi bethferri refuge refuge,0.4140342101788418,7.636363636363637,7,0,1,0,0,0.0
rt apimag exil despair migrant greec lose hope photo pgiannakouri refugee‚Ä¶,0.3725212401980843,6.166666666666667,8,2,1,0,0,-0.25
rt babatundeunfpa proud stand world leader un adopt histor plan address refuge crisi ‚Ä¶,0.5414213562373096,5.733333333333333,9,2,3,0,0,-0.25
eucopresid stop forcibl deport turkey first syrian refuge euturkeyd,0.4927992798267444,6.7,6,1,1,1,0,-0.29600000000000004
rt apimag exil despair migrant greec lose hope photo pgiannakouri refugee‚Ä¶,0.3725212401980843,6.166666666666667,8,2,1,0,0,-0.25
rt iomturkey everi migrant refuge stori uniqu common thread humanmobl connectivity‚Ä¶,0.8289342762583558,6.916666666666667,8,0,3,0,0,0.0
rt oneyoungworld so proud year unilev deleg commit support refuge deleg attend oyw next‚Ä¶,0.3559563702119719,5.866666666666666,10,1,2,1,0,0.8122
carleorg dr omar alheeti talk condit refuge camp work samsusa,0.3639563886444922,5.545454545454546,10,0,0,0,0,0.0
rt trobinsonnewera a swedish woman wheel chair gang rape 6 muslim refuge men,0.348461712529338,5.428571428571429,10,0,1,0,0,-0.6808
rt frankgaffney unvett refuge problem 62 known jihadi how man unknown 1 mani stopimportingjihadist https‚Ä¶,0.3916371550013242,6.5625,8,1,3,1,0,-0.4019
rt lucidhurrican listen hillaryclinton talk scam fake refuge crisi trumptap podestaemail ‚Ä¶,0.3817206807583979,6.923076923076923,8,1,3,0,0,-0.9124
rt lucidhurrican listen hillaryclinton talk scam fake refuge crisi trumptap podestaemail ‚Ä¶,0.3817206807583979,6.923076923076923,8,1,3,0,0,-0.9124
rt everaldatlarg un declar manus nauru world worst refuge camp let close today there 50 million refuge & amp ; we‚Ä¶,0.5525858577612696,5.181818181818182,10,1,5,0,0,-0.6249
rt lars9596 break the terrorsuspect current search chemnitz germani jaber a refuge syria dank frau‚Ä¶,0.3725212401980843,6.1875,9,2,2,0,0,0.0
everi migrant refuge stori uniqu common thread human mobil connectivity‚Ä¶,0.7729851983261213,6.545454545454546,7,0,3,0,0,0.0
un tell nauru take urgent action investig abus refuge children,0.8504686227424478,5.636363636363637,7,1,2,0,0,-0.5267
sign thursday morn anglialli webinar church respond refuge crisi 10am‚Ä¶,0.3639563886444922,6.363636363636363,7,0,2,0,0,-0.6249
rt frantownsend the muslim refuge save american soldier,0.45624347841703794,6.111111111111111,4,2,1,0,0,0.4215
rt everaldatlarg un declar manus nauru world worst refuge camp let close today there 50 million refuge & amp ; we‚Ä¶,0.5525858577612696,5.181818181818182,10,1,5,0,0,-0.6249
rt alarabiyaeng syrian refuge paint snap greek auction syria art,0.3347911841944913,5.818181818181818,7,1,2,0,0,0.0
rt ozrefugeecounc tonight qanda dedic refuge policytweet submit question & amp ; make voic heard935pmabchtt‚Ä¶,0.3414213562373095,6.75,10,1,2,0,0,0.4588
rt asylumseekersoz stay tune tonight qanda refuge asylumseek unchainasylumseekersoz,0.4407730755822165,8.3,6,1,1,1,0,0.0
rt asylumseekersoz stay tune tonight qanda refuge asylumseek unchainasylumseekersoz,0.4407730755822165,8.3,6,1,1,1,0,0.0
syrian refuge arrest plan bomb attack germani,0.7508163313634132,5.625,5,1,1,0,0,0.0
rt phelimkin australia refuge gulag unhcr declar manus island detent center world worst ‚Ä¶,0.3725212401980843,5.933333333333334,11,0,3,0,0,-0.765
rt niskanencent privat refuge resettl put american driver seat mlacort bpolit laurenett ‚Ä¶,0.4140342101788418,6.357142857142857,9,2,2,0,0,0.0
rt cooprojavabakur a statist campaign launch rojava refuge camp better understand condit women ‚Ä¶,0.3817206807583979,6.4,6,4,2,1,0,0.5267
rt richardburgon first day back today new shadow home sec hackneyabbott challeng govt treatment vulner refuge chi‚Ä¶,0.3725212401980843,6.333333333333333,14,0,1,2,0,-0.0772
rt richardburgon first day back today new shadow home sec hackneyabbott challeng govt treatment vulner refuge chi‚Ä¶,0.3725212401980843,6.333333333333333,14,0,1,2,0,-0.0772
rt unicefuk break home sec amberruddmp commit reunit refuge children calai famili uk next wee‚Ä¶,0.5644707842690466,5.875,8,1,6,0,0,0.0258
rt aulicarl wheelchairbound woman gang rape refuge centr gotland visbi island sweden asylboend asyls√∂kar ‚Ä¶,0.3916371550013242,6.625,13,0,1,0,0,-0.6808
one day ill help empow young refuge girl stand right & amp ; challeng cultur view internationaldayofthegirl,0.3639563886444922,5.944444444444445,10,2,2,0,0,0.4588
rt ilariaarmaroli on econom polit refuge migrat a paper ceprorg ‚Ä¶,0.3226128574608258,5.416666666666667,7,1,1,0,0,0.0
rt unicefukact break home sec amberruddmp commit reunit refuge children calai famili uk next wee‚Ä¶,0.5644707842690466,6.0625,8,1,6,0,0,0.0258
rt unicef britain pledg take hundr children stuck calai jungl refuge camp via ajengl‚Ä¶,0.5414213562373096,5.666666666666667,8,2,3,0,0,-0.25
rt muireannnir calai doubt rais accuraci child refuge census unaccompaniedminor,0.4267766952966369,7.181818181818182,9,1,0,0,0,-0.29600000000000004
theresamay great let start pull weight refuge crisi refuge vulner traffick,0.3725212401980843,6.166666666666667,6,2,2,1,0,0.4417
everi parent want children safe & amp ; secur this refuge famili differ jnj savethechildren,0.5771571050001026,5.6875,7,3,2,0,0,0.4767
rt researchshop our new refuge handbook help sponsor group get readi arriv & amp ; integr featur ‚Ä¶,0.3725212401980843,5.157894736842105,8,4,2,0,1,0.6249
rt lordpep lilyallen hope fake refuge children turn doorstep ‚ùóÔ∏è sure youd find spare room fo‚Ä¶,0.5309073193326754,5.470588235294118,8,3,5,0,0,0.2732
rt aethonaia break syrian refuge arrest terror plot germani commit suicid jail on purpos‚Ä¶,0.3559563702119719,5.933333333333334,9,1,3,0,0,-0.4588
rt unicefuk break home sec amberruddmp commit reunit refuge children calai famili uk next wee‚Ä¶,0.5644707842690466,5.875,8,1,6,0,0,0.0258
refuge bricklay program give old skill new fit refuge brick,0.4407730755822165,5.363636363636363,4,1,5,0,0,0.3612
rt savethechildren everi parent want children safe & amp ; secur this refuge famili differ ‚Ä¶,0.5771571050001026,5.411764705882353,9,3,1,0,0,0.4767
rt oxfamamerica meet brownkey abdullahi first femal refuge blogger live dadaab refuge camp via‚Ä¶,0.682842712474619,6.333333333333333,8,1,3,1,0,0.0
rt xhnew syrian refuge suspect plan bomb attack germani commit suicid prisonmedia‚Ä¶,0.6380711874576984,6.3076923076923075,10,1,1,0,0,-0.8909999999999999
rt nestauk 3 idea refuge & amp ; migrant integr win ‚Ç¨50000 diogochalleng award ceremoni 27 oct tickets‚Ä¶,0.8089570206700691,5.421052631578948,7,2,2,1,0,0.7783
rt donateaphoto watch savethechildren help give refuge children place feel safe & amp ; secur ‚Ä¶,0.5525858577612696,5.588235294117647,7,4,2,0,0,0.7579
rt tsanga10 greec need year proper shelter refuge children in meantim kid lock & amp ; homeless ‚Ä¶,0.5525858577612696,5.105263157894737,13,1,1,0,0,0.0
rt jasonloumil it hypocrisi call christian chase away refuge someon seek help someon hungry‚Ä¶,0.32853285321782955,6.133333333333334,8,1,3,1,1,0.4019
rt wfp see wfp scale innov iri scan payment system jordan zaatari refuge camp‚Ä¶,0.3639563886444922,5.2,10,1,3,0,0,0.4404
rt counterjihadus isi use refuge flow infiltr west even state dept admit truth thursdaythought https‚Ä¶,0.3116736307086359,6.3125,11,3,0,1,0,0.4767
rt counterjihadus isi use refuge flow infiltr west even state dept admit truth thursdaythought https‚Ä¶,0.3116736307086359,6.3125,11,3,0,1,0,0.4767
putin the onli world leader speak sens syria & amp ; the migrant crisi migrant refuge syria usa russia,0.9608341482251328,5.1,9,1,4,0,0,-0.6249
rt counterjihadus isi use refuge flow infiltr west even state dept admit truth thursdaythought https‚Ä¶,0.3116736307086359,6.3125,11,3,0,1,0,0.4767
rt 4corner theyr human face australia tough border polici 100 refuge children live nauru‚Ä¶,0.5525858577612696,5.933333333333334,7,2,3,0,0,-0.128
femal refuge blogger dadaab‚Äîth world largest refuge camp speak women & amp ; justic dayofthegirl,0.696923425058676,6.0,8,0,5,0,0,0.5267
primeministergr stop forcibl deport turkey syrian refuge noori euturkeyd,0.4927992798267444,7.2,7,1,1,0,0,-0.29600000000000004
rt iamwatchingyooo watch help give refuge children place feel safe & amp ; secure‚Ä¶,0.6053274785083769,5.466666666666667,7,3,2,0,0,0.6249
rt rohyakobi my say lilyallen apolog afghan child refuge wrong,0.3639563886444922,5.636363636363637,4,2,2,1,1,-0.4404
rt stateprm watch live as richard discuss us leadership refuge issu today 12pm est withrefuge ‚Ä¶,0.5771571050001026,5.588235294117647,8,2,3,0,1,0.0
rt savethechildren watch help give refuge children place feel safe & amp ; secur ‚Ä¶,0.5525858577612696,5.125,6,4,2,0,0,0.7579
rt helprefugeesuk mani thank the mentor school support volunt refuge refugeeswelcom,0.6380711874576984,6.916666666666667,9,1,0,0,0,0.6808
rt stateprm watch live as richard discuss us leadership refuge issu today 12pm est withrefuge ‚Ä¶,0.5771571050001026,5.588235294117647,8,2,3,0,1,0.0
rt jeneambros for boston friend msfusa run interact exhibit refuge experi oct 1523 ‚Ä¶,0.3639563886444922,5.6,9,1,1,0,0,0.4767
tomorrow is the big day all ticket donat refuge kid educ match doubl impact‚Ä¶,0.3559563702119719,5.066666666666666,9,2,1,0,0,0.0
rt captusa76 speakerryan tell wimp friend mittromney bush famili vote hillari vote debt job refugee‚Ä¶,0.32853285321782955,6.25,11,1,2,1,0,-0.0085
rt ravenhuwolf germani muslim migrant rip lip ear & amp ; eyelid refuge shelter bodypartsmatter‚Ä¶,0.8504686227424478,6.0,9,2,2,0,0,0.0
rt joeeenglish great work stephencowan safepassageuk take decis action refuge children calai inspiring‚Ä¶,0.6565698352151748,7.357142857142857,7,2,4,0,0,0.7184
rt joeeenglish great work stephencowan safepassageuk take decis action refuge children calai inspiring‚Ä¶,0.6565698352151748,7.357142857142857,7,2,4,0,0,0.7184
rt konk we group refuge women run sunday rais $ asrc1 theyr $ 218 short target ‚Ä¶,0.3226128574608258,4.444444444444445,6,3,3,1,1,0.0
afghan refuge goe home see famili return uk son wait jungl join next,0.3066054290269654,4.857142857142857,7,1,3,1,0,0.29600000000000004
rt konk 128 the number refuge children imprison limbo nauru oz gov dont miss 4corner the forgotten children mon‚Ä¶,0.5309073193326754,5.6,9,2,4,0,0,-0.4864
rt sputnikint multipl death report blast refuge camp near syriajordan border syriacrisi,0.3916371550013242,6.6923076923076925,7,1,2,0,0,0.0
german mayor beg help polic tackl refuge crimewav via mailonlin,0.4267766952966369,5.7272727272727275,6,1,2,0,0,0.4019
punish tortur mother & amp ; got refuge fraud nyc robert marcon,0.3226128574608258,4.846153846153846,7,1,2,0,0,-0.8286
rt yfpeacei someth deep sum beauti stori terriblytinytal refugeecrisi refuge globalcrisi https‚Ä¶,0.3817206807583979,7.3076923076923075,8,0,4,0,0,0.6361
rt avanconia üá∫üá∏govern concealingüò∑cost refuge diseas rateüò∑ potus is anyth wont lie us üëâüîó‚Ä¶,0.3916371550013242,5.866666666666666,8,3,2,0,1,0.0
a good news asylum seeker help host communiti my latest post espressonlin refuge modellop,0.3414213562373095,5.933333333333334,9,1,2,0,1,0.6808
rt femaleprepp syrian refuge crash wed church duisburggermani yell allahuakbar what els,0.3725212401980843,6.6923076923076925,8,2,1,0,1,0.0
rt thewilsoncent find common ground politic sphere refuge polici cassidyjosephp,0.4140342101788418,7.181818181818182,4,1,4,1,0,0.0
roundtabl discuss refuge integr can expert naomi alboim queenssp estonian govern repre‚Ä¶,0.3916371550013242,6.6923076923076925,8,1,2,0,0,0.0
rt sufeilu the sun mistak 32 yr old home offic interpret refuge child or knew lie dontbuythesun ‚Ä¶,0.348461712529338,5.105263157894737,9,3,3,0,0,-0.3818
mpg research eu refuge integr standard & amp ; recast 1st step 6yr niem tool read paper,0.348461712529338,4.833333333333333,8,2,2,0,0,0.0
rt humanityfirstuk hf continu support refuge children escap syria neighbour turkey jordan ‚Ä¶,0.6053274785083769,6.5,10,2,1,0,0,0.4404
next week european administr collabor w us counterpart support refuge youth schools‚Ä¶,0.3916371550013242,6.461538461538462,7,1,3,0,1,0.4404
lebanes camp syrian wit rise connect refuge,0.4140342101788418,5.375,5,1,1,0,0,0.0
rt hpgodi odi sarapantuliano rippl effect australian & amp ; european refuge polici whydev,0.3725212401980843,6.0,9,0,3,0,0,0.0
syrian refuge famili thank freedom canada,0.3639563886444922,5.857142857142857,5,0,1,0,0,0.836
rt eminahrw on violenc inhuman condit mentalhealth refuge camp greec shanthahrw https‚Ä¶,0.348461712529338,6.615384615384615,11,0,0,0,0,-0.6249
fairytal crochet cover entir hous a project give hope refuge women ‚Ä¶,0.3226128574608258,5.230769230769231,6,2,3,0,0,0.4404
rt humansecur fyelma experi refuge polici crisi refugeecrisi we need legal pathway those‚Ä¶,0.5771571050001026,6.357142857142857,10,1,1,0,1,-0.5574
rt unicef are us were call european council put children first & amp ; protect refuge & amp ; migrant children‚Ä¶,1.0983332121373306,5.045454545454546,6,5,3,1,1,0.3818
rt poettomdavi the refuge camp thoma davi poem poem poetri refugeecrisi refuge refugeeswelcom,1.2106549570167535,6.642857142857143,11,1,0,0,0,0.0
i went makassar sulewesi indonesia august meet refuge friend this happen,0.3559563702119719,6.0,5,2,3,0,0,0.4767
rt maintenonmadam well said 4corner sallyjackson thank 4 yr courag tell truth abt refuge children os detentio‚Ä¶,0.5644707842690466,6.111111111111111,7,5,1,2,0,0.8442
nelsonssenyang uganda best refuge hospit,0.7634413615167959,6.666666666666667,2,0,3,0,0,0.6369
rt wrcommiss we hire join us & amp ; part movement protect right & amp ; improv live refuge women+girls‚Ä¶,0.2885537118791427,4.9523809523809526,10,3,1,0,2,0.7901
rt ravenhuwolf germani cologn broad daylight merkel muslim refuge bike around longerich harass women & amp ; masturbating‚Ä¶,0.4140342101788418,6.421052631578948,12,0,2,0,0,-0.5423
rt hakamshahwan almost 10 year waitingfamili nahrelbar refuge camp leb look forward reconstruct campunr‚Ä¶,0.3170017710367744,6.933333333333334,9,1,1,2,0,0.0
becaus joebiden americanwomen refuge rape crisi minnesota littl girl utah rape rapistenabl biden,0.4023689270621825,6.857142857142857,10,1,2,0,0,-0.8689
rt foxnew fox & amp ; friend dsouza call refuge situat moral someon els expens foxnewsworld‚Ä¶,0.4140342101788418,5.411764705882353,8,3,3,0,0,0.5904
rt fairfaxforeign he spent year stuck airport now syrian refuge live near melbourn smh the‚Ä¶,0.3347911841944913,5.6875,8,3,1,1,1,-0.25
rt hpgodi odi sarapantuliano rippl effect australian & amp ; european refuge polici whydev,0.3725212401980843,6.0,9,0,3,0,0,0.0
rt humansecur thank speech institut respons refuge crisi alpozerdem fyelma,0.4407730755822165,6.7272727272727275,8,1,1,0,0,0.3612
rt martinrjay eu refuge program greec seem teeth problem,0.4140342101788418,5.6,7,1,1,0,0,-0.4019
rt tgsnttv syrian refuge germani 4 wive 22 kid spark social media fuss welfar whitegenocid,0.3639563886444922,5.625,8,1,4,0,0,0.0
rt tgsnttv syrian refuge germani 4 wive 22 kid spark social media fuss welfar whitegenocid,0.3639563886444922,5.625,8,1,4,0,0,0.0
rt valeriodec final safe syrian refuge kid arriv famili rome airport thank the‚Ä¶,0.4023689270621825,5.642857142857143,6,1,5,0,0,0.7003
syrianrefuge give tour berlin featur refuge shelter syrian restaur goal=giv refuge face‚Ä¶,0.3639563886444922,6.769230769230769,10,1,1,0,0,0.0
rt wsmireland peopl gather dublin protest evict calai refuge camp demand ireland take 200‚Ä¶,0.3347911841944913,6.0,11,2,0,0,0,-0.6705
rt networksmanag look calai muslim refuge camp onli 3 kid all rest islam armi wait 4 ordersmaga dc brexit nyc euref ht‚Ä¶,0.3559563702119719,5.173913043478261,13,3,3,0,0,0.0
voic botswana refuge crisi ‚Äî eleph via usatoday,0.45624347841703794,5.222222222222222,6,0,1,0,0,-0.6249
migrant reloc thejungl refuge camp near calai franc npr,0.45624347841703794,5.5,7,0,1,0,0,0.0
rt kentpag 2016 +241k refuge & amp ; migrant children sought asylum europ read unicef help v‚Ä¶,1.0271749109060615,5.166666666666667,10,2,2,0,0,0.3818
uk paper call middl age calai migrant 16yearold refugeefr militayagedmen welfar canada kid,0.8089570206700691,6.428571428571429,8,1,3,0,0,0.0
rt cochetel syrian refuge children work aw condit istanbul kid kid access school ‚Ä¶,0.5414213562373096,5.466666666666667,9,1,3,1,0,-0.4588
rt bdmowel italian prime minist repeat threat veto eu refuge quota countri,0.3916371550013242,5.6923076923076925,10,0,2,0,0,-0.5267
rt andytilsley last time camp clear 120 refuge children went miss we let happen ‚Ä¶,0.5644707842690466,5.0625,4,5,2,0,1,-0.2023
ultim gravi trainer syrian refuge four wive 23 children ‚Äò claim $ 400000 year benefit üëÅ,0.3639563886444922,5.117647058823529,8,1,3,0,0,0.0
canadian becom immigr friend amid refuge crisi survey find,0.45624347841703794,5.8,5,1,2,0,0,-0.1585
rt cochetel syrian refuge children work aw condit istanbul kid kid access school ‚Ä¶,0.5414213562373096,5.466666666666667,9,1,3,1,0,-0.4588
rt andytilsley last time camp clear 120 refuge children went miss we let happen ‚Ä¶,0.5644707842690466,5.0625,4,5,2,0,1,-0.2023
ultim gravi trainer syrian refuge four wive 23 children ‚Äò claim $ 400000 year benefit üëÅ,0.3639563886444922,5.117647058823529,8,1,3,0,0,0.0
rt eusocialinnov huge congrat 2016s diogochalleng winner impress socinn solut refuge migrant integration‚Ä¶,0.8504686227424478,7.5,10,0,2,0,0,0.92
rt cochetel syrian refuge children work aw condit istanbul kid kid access school ‚Ä¶,0.5414213562373096,5.466666666666667,9,1,3,1,0,-0.4588
rt republicsil afghan child refuge ask ashrafghani & amp ; afgexecut tear have ever ask peopl flee‚Ä¶,0.3916371550013242,5.5,8,3,1,1,0,-0.2263
rt solnsalli theeconomist explain make uganda refuge polici success,0.4267766952966369,6.7,5,2,2,0,0,0.7065
rt refugeeinfobus 1500 vulner refuge children hous white contain they watch communiti live be‚Ä¶,0.5414213562373096,6.266666666666667,6,1,5,0,1,-0.2263
rt athenslivegr the situat refuge camp elliniko challeng refugeesgr greec athensl ‚Ä¶,0.3817206807583979,6.384615384615385,10,1,0,0,0,0.2247
rt yaxl 3 month ago tini ugandan villag now world fourthlargest refuge camp,0.3170017710367744,5.357142857142857,6,1,2,3,0,0.0
icymi perth lawyer rais ugandan refuge camp flee south sudan win industri award‚Ä¶,0.3916371550013242,5.714285714285714,9,0,4,0,0,0.5719
rt natakallam the refuge famili pick wast surviv,0.348461712529338,5.333333333333333,6,1,0,0,0,-0.4215
unaccompani refuge children & amp ; import social network,0.7508163313634132,5.7,5,0,2,0,0,0.3612
rt eurochildorg the situat children move good concis video report europarltv refuge ch‚Ä¶,0.5907391304340767,6.214285714285714,7,3,2,0,0,0.4404
thankyoucanada syrian refuge fulfil dream becom pharmacist haidagwaii bcpoli cdnpoli,0.4140342101788418,7.636363636363637,9,0,1,0,0,0.0
rt eurochildorg the situat children move good concis video report europarltv refuge ch‚Ä¶,0.5907391304340767,6.214285714285714,7,3,2,0,0,0.4404
rt texastweetybird whi let video dismantl case refuge influx ‚Ä¶,0.3226128574608258,5.636363636363637,7,2,1,0,0,0.0
uk media coverag refuge children shame yet today pleas help us condemn calai pls rt,0.5644707842690466,5.1875,7,3,3,1,1,-0.128
rt alimdaaduk help us deliv bread peopl syria,0.0,5.0,4,2,1,0,1,0.4019
30000 refuge children strand desert jordan close border syria desper need,0.5525858577612696,6.083333333333333,6,1,2,0,0,-0.3182
rt syricid pt assadmost syrian refuge want come home didnt leav govt left wa‚Ä¶,0.0,5.133333333333334,10,3,1,0,0,0.1149
rt othrfactsoflif refuge news game throne star call eu leader help refuge strand greec,0.0,5.733333333333333,11,2,0,0,0,0.4019
rt msf syria 60000 peopl desper need humanitarian assist jordanian border,0.0,6.083333333333333,7,1,2,0,0,-0.3818
rt basemn63 this isnt doomsday it yarmouk palestinian refuge camp syria üò¢,0.3817206807583979,5.615384615384615,7,1,2,0,1,0.4717
rt unhcrdc resettl found 066 % refuge unhcr mandat,0.18257418583505536,5.0,5,1,2,0,0,0.0
rt instantreport erdogan announc syrian refuge countri given turkish citizenship turkey,0.0,7.25,6,2,3,0,0,0.0
rt unicefmena unicef reach 13500 peopl two besieg town zamalka arbin rural damascus syria ‚Ä¶,0.0,5.6875,8,2,3,0,0,0.1027
raw migrant boat crash greec shore,0.0,4.857142857142857,5,0,1,0,0,0.0
rt alexverbeek shock everi minut anoth 24 peopl displac refuge migrat ‚Ä¶,0.0,5.461538461538462,10,0,0,0,0,-0.4019
rt tppen hungari hold referendum refuge protect refugeecrisi,0.0,6.666666666666667,7,1,0,0,0,0.0
rt freedom2whack refuge schoolchildren greek camp makeshift classroom summer break cnn melbourn‚Ä¶,0.0,7.384615384615385,11,0,1,0,0,-0.29600000000000004
refuge news rutland citi wont vote refuge resettl,0.0,5.444444444444445,6,0,2,0,0,0.0
rt radkohokovski 65 pct european believ influx immigr increas threat terror,0.0,6.25,6,1,3,0,0,-0.2732
rt german feder polic tighten control border franc follow niceattack report,0.0,6.25,7,1,3,0,0,0.0
rt war engulf pari muslim wage migrat hijrah jihad franc soon fall islamist vote trump maga primaryday,0.0,5.666666666666667,12,1,3,1,0,-0.5994
board immigr appeal eoir eoir immigrationapp eoir eoir europ eu offer new immi,0.3922322702763681,5.571428571428571,10,2,1,0,0,0.0
rt refuge camp intend temporari mani displac peopl find stay,0.4267766952966369,5.454545454545454,8,2,0,0,0,0.0
rt european institut sweden organis debat catalan case euialmedalen https,0.0,6.636363636363637,6,1,3,0,0,0.0
eosgroup acquir debtcollect servic provid contentia franc belgium,0.0,7.222222222222222,8,0,0,0,0,0.0
us immigr welcom immigr foundat us declar indep uslatino uniteblu,0.0,5.909090909090909,4,2,2,0,2,0.4404
rt immigr hurt sweden babi die today overpopul hospit,0.0,5.3,6,2,1,0,0,-0.2081
rt refuge news newcom kitchen cook busi ventur syrian refuge women,1.3223192267466493,5.5,10,0,1,0,0,0.0
usa immigr guid us ny nj nyc newyork newjersey immigr session step trump immigrat,0.0,5.4,7,1,4,1,1,0.0
migrant crisi asylum seeker sever beaten hungari border human right watch claim via,0.5163977794943222,5.928571428571429,7,1,4,0,0,-0.872
rt refuge news refuge ask return syria hous bnp estat,0.6565698352151748,4.818181818181818,8,1,1,0,0,0.0
immigr detaine hunger strike protest solitari lockdown via cdnimm cdnpoli,0.0,6.636363636363637,7,0,2,0,0,-0.5423
us immigr prosecut illeg entri drive forc mass incarcer uslatino uniteblu,0.0,6.083333333333333,8,1,1,0,1,-0.5574
rt migrant situat eu bad shut eu longest rail motorway https,0.9428090415820636,5.0,9,0,2,0,0,-0.6696
refuge news delay refuge arriv turkey like wake attempt coup,0.804737854124365,5.454545454545454,7,0,1,0,0,0.0
rt refuge news raleigh volunt offer first hand view attempt turkish coup,0.4734662332507986,5.538461538461538,10,0,2,0,0,0.4939
dadaab camp shut protect kenya secur kenya startup fund refuge,0.4407730755822165,5.636363636363637,8,2,0,0,0,0.6124
rt iceland want uk join nordic allianc non eu countri poland austria deutschland https,0.2581988897471611,5.733333333333333,9,3,2,0,0,0.3612
rt heaven place earth sweden exact saltsj boo sweden sverig dreamhous,0.0,5.75,6,0,5,0,0,0.5106
rt premier show schedul th juli pm local time franc kabali pari,0.0,4.846153846153846,9,1,2,0,0,0.0
rt old new bookstor pari franc tw,0.0,4.125,5,0,2,0,0,0.0
rt break million protest franc therevolut us nuitdebout seeyouinphilli,0.0,7.0,5,1,0,0,1,-0.4215
rt idaho refuge stori confirm say year money,0.4023689270621825,4.888888888888889,7,1,0,0,0,0.0
rt present magazin new issu abyss civil migrant deadlock,0.6030226891555273,5.6,4,1,4,0,0,-0.34
stop shop malta estonia australia greec portug cyprus slovenia japan china sweden korea,0.0,6.214285714285714,10,2,1,0,0,-0.29600000000000004
victori crowder pari franc news,0.0,5.166666666666667,4,0,1,0,0,0.0
eu switzerland must speed consult migrat,0.3333333333333333,5.714285714285714,3,1,1,0,0,0.0
like game go give thumb mobilegam southafrica finland netherland newreleas android,0.0,6.833333333333333,7,2,1,0,0,0.3612
edm franc electrohous festiv junior need know extend mix listen,0.0,5.7272727272727275,6,2,2,0,0,0.4939
bloodi hell austria,0.0,4.75,3,0,0,0,0,-0.8176
rt euro pleas note franc allow vehicl carri alcohol cross border today,0.0,5.384615384615385,10,0,1,0,0,0.3182
stoprac rohingya born refuge bt racism made endrohingyaoppress,0.4927992798267444,6.888888888888889,5,2,1,0,0,-0.6249
hungari jail migrant year border cross reuter migrat,0.0,5.777777777777778,7,0,1,0,0,0.0
rt sacr bleu franc holland popular hit rock bottom leav,0.0,5.0,9,0,1,0,0,0.4404
rt agenda behind refuge crisi plan along refugeescrisi,0.4927992798267444,6.0,6,0,0,0,0,-0.6249
rt tear gas violenc franc thousand protest disput labor law,0.0,5.363636363636363,8,0,0,0,0,-0.8519
honor cultur law univers code decenc wristband fix sweden islamophobia muslim,0.0,6.416666666666667,8,1,2,0,0,-0.3875
rt day stay tune tomorrow reveal venicemyfutur venic itali,0.0,5.8,7,1,1,0,0,0.0
rt franc jew control court continu attack year old revisionist robert faurisson,0.0,6.076923076923077,11,0,1,0,0,-0.4588
panoramix radio station luca steve make right franc uk canada spain russia,0.0,5.6923076923076925,8,2,1,0,0,0.0
rt vasyl slipak ua opera singer live franc die russian sniper bullet defend ukrain warzon http,0.0,5.529411764705882,11,1,4,0,0,-0.5574
legaci democrat obamaturd illeg refuge illeg immigr bring death american,0.0,6.545454545454546,6,1,3,0,0,-0.9022
feel sorri girl sweden gon na make target immigr issu,0.0,4.818181818181818,5,2,2,0,0,-0.0772
repost repostapp callejon elrav barcelona soul europ,0.3535533905932737,6.5,6,0,1,0,0,0.0
album topmusicfr sound silver sound silver lcd soundsystem format toprock amazon franc,0.0,6.615384615384615,8,1,2,1,0,0.1779
rt race start tomorrow vichi last chanc race ahead olymp olymp franc,0.0,5.230769230769231,9,0,2,1,0,0.25
rt refuge news game throne star call eu leader help refuge strand greec,0.6565698352151748,5.071428571428571,12,1,0,0,0,0.4019
rt refuge come us flee polit violenc caus accord number tyt migrat obvious https,0.0,5.333333333333333,7,1,4,1,1,-0.6249
rt refuge come us flee polit violenc caus accord number tyt migrat obvious https,0.0,5.333333333333333,7,1,4,1,1,-0.6249
help helpless refuge sight,0.4927992798267444,5.2,3,1,0,0,0,-0.3612
rt nasrallah inform say come refuge camp alqaa arsal outskirt,0.3347911841944913,5.545454545454546,7,2,1,0,0,0.0
rt immigr redeem educ reform progress credenti,0.0,5.75,5,1,1,0,0,0.0
deport defenselawy immigr represent newjersey nj ny dhs cale,0.0,6.0,7,0,2,0,0,0.0
rt nasrallah inform say come refuge camp alqaa arsal outskirt,0.3347911841944913,5.545454545454546,7,2,1,0,0,0.0
rt immigr redeem educ reform progress credenti,0.0,5.75,5,1,1,0,0,0.0
deport defenselawy immigr represent newjersey nj ny dhs cale,0.0,6.0,7,0,2,0,0,0.0
rt sweden interior minist say countri intend expel migrant whose applic asylum,0.0,6.0,4,2,5,0,1,-0.4404
disclosur rock werchter belgium werchter rockwercht rockwercht europ,0.2886751345948129,7.555555555555555,8,0,0,0,0,0.0
top intern leader month usa germani ireland slovakia ukrain franc netherland finland spain russia,0.0,6.466666666666667,10,0,4,0,0,0.2023
anchor babi birthright citizenship new immigr scam pjnet ccot tcot,0.0,6.0,6,1,3,0,0,-0.5719
arab african islamist refuge asylum seeker continu molest white teenagegirl public sweden,0.4023689270621825,6.846153846153846,6,0,6,0,0,-0.4767
roast pecorino chees honey walnut flavor abruzzo itali hiddenitalytour,0.0,7.0,6,2,1,0,0,0.0
rt make sharia supremac bar immigr give oath come https,0.0,5.0,7,2,1,0,0,0.0
furi eu gift bn boost french economi franc brexit,0.30151134457776363,4.9,8,0,1,0,0,-0.25
eu agenda behind migrat partnership framework ttp tinyurl com hvuxer refuge,0.2581988897471611,6.25,10,0,0,0,0,0.0
rt resettl found refuge unhcr mandat,0.2886751345948129,5.142857142857143,3,1,2,0,0,0.0
refuge news zambia lost charg rwandes refuge,1.079669127533634,5.5,3,2,2,0,0,-0.5267
ask republican candid stand assimil law alreadi book pjnet,0.0,5.8,5,1,3,0,0,0.0
rt riomaggior cinqu terr itali painter canva art joan carrol canvasprint itali,0.0,6.0,10,1,1,0,0,0.0
rt refuge children write msgs hope onkit donatedbi unhcr worldrefugeeday duhok watchthemfli https,0.6767766952966369,6.928571428571429,8,2,2,0,0,0.4404
rt anti imperialist battl aleppo franc germani uk turkey isi ksa us russia,0.2581988897471611,5.285714285714286,7,3,2,0,1,-0.5994
rt refuge rush franc refuge tri storm border ventimiglia itali franc,0.0,5.666666666666667,11,0,0,0,0,0.0
rt englishmen defend girl brother muslim migrant attack manchest uk piccadilli,0.5773502691896258,6.5,8,1,2,0,0,-0.5719
rt refuge rush franc refuge tri storm border ventimiglia itali franc,0.0,5.666666666666667,11,0,0,0,0,0.0
rt englishmen defend girl brother muslim migrant attack manchest uk piccadilli,0.5773502691896258,6.5,8,1,2,0,0,-0.5719
refuge news syrian refuge march besid justin trudeau canadian pride parad,1.368730435251114,6.083333333333333,8,0,3,0,0,0.34
palesrin syria franc turkey bangladesh iraq medina mani stop prayfortheworld,0.2581988897471611,6.909090909090909,9,0,1,0,0,-0.29600000000000004
anti imperialist red armi faction franc vietnam palestin communism germani fascism ukrain uk us,0.0,6.333333333333333,9,1,3,0,1,-0.3182
rt juli franc turkey agre place syria provinc alexandretta hatay joint turkish french mili,0.24253562503633294,6.0,10,0,4,0,0,0.3612
wwii gunner find sudden knight franc,0.0,5.142857142857143,4,1,1,0,0,0.0
rt refuge news gay syrian refuge march pride trudeau,1.4203986997523956,5.2,8,0,1,0,0,0.34
studi major eu citizen fear muslim migrat,0.3535533905932737,5.125,6,0,1,0,0,-0.4939
studi major eu citizen fear muslim migrat,0.3535533905932737,5.125,6,0,1,0,0,-0.4939
busi immigr matter ny nj immigr reform eye gang reviv po,0.0,4.666666666666667,8,0,2,1,0,-0.5423
ewi immigr harsh consequ entrywithoutinspect ny,0.0,6.714285714285714,5,0,1,0,0,-0.4404
rt hungari hold referendum refuge protect refugeecrisi,1.235702260395516,6.75,6,1,0,0,0,0.0
rt politico immigr reform eye gang reviv,0.0,5.0,7,0,0,0,0,0.0
usa immigr guid us ny nj nyc newyork newjersey immigr atlant premier ottawa announc pilo,0.0,5.5,9,1,4,0,1,0.0
refuge news summer break refuge schoolchildren,1.079669127533634,6.571428571428571,6,0,0,0,0,-0.29600000000000004
american immigr short introduct usa us ny nyc nj newyork newjersey beruff hit rubio,0.0,5.533333333333333,6,1,6,0,1,0.0
rt suspect istanbul attack mastermind refuge migrantcrisi,0.9571067811865476,7.125,6,0,1,0,0,-0.6124
rt suspect istanbul attack mastermind refuge migrantcrisi,0.9571067811865476,7.125,6,0,1,0,0,-0.6124
rt mfn ship foot serpent franc maker burningm,0.0,5.0,6,0,2,0,0,0.0
rt dprint help refuge crisi via,0.6035533905932737,4.428571428571429,4,1,0,0,0,-0.34
refuge news rutland citi vote refuge resettl,0.9855985596534887,5.5,6,0,1,0,0,0.0
theresamay bother control immigr,0.0,6.4,2,0,0,0,1,0.2411
job jobsearch migrant crisi get wors politician dither thousand flood europ,0.8320502943378437,6.25,7,2,0,2,0,-0.802
famili base immigrationlawy immigr ny nj newyork newjersey obama pard,0.0,6.2727272727272725,5,0,4,1,0,0.0
rt luv bloke senior posit continu destroy liber support immigr health ht,0.0,5.538461538461538,9,2,1,0,0,-0.2023
