text,migration_relevance,compound_polarity,negative_polarity,neutral_polarity,positive_polarity
jordanbos97 that means so much thank you thank you thank you,0.0,0.8092,0.0,0.49,0.51
rt laker_show jordan clarkson imitating kobes fadeaway jumper,0.0,0.0,0.0,1.0,0.0
rt ulusoybetuel you have to unterstand that no one puts their children in a boat unless the water is safer than the land refugeeswelc,0.0,0.1531,0.085,0.808,0.108
europe tightens borders to stop flow of migrants liveleakfun,0.0,-0.296,0.216,0.784,0.0
she looks like a campaign poster for neglected horses,0.0,-0.2263,0.286,0.504,0.21
rt realdonaldtrump yet another weak hit by a candidate with a failing campaign will jeb sink as low in the polls as the others who have,0.0,-0.8074,0.283,0.717,0.0
snewhardy heading to toronto then calgary then kamloops,0.0,0.0,0.0,1.0,0.0
rt gwcampusrec supporting gw_volleyball raisehigh homeopener,0.0,0.4404,0.0,0.633,0.367
rt insan_divya msgswachhbharat campaign are carried out periodically with aim to prevent diseases along with promoting awareness towards,0.0,0.3818,0.0,0.816,0.184
sara_sampaio hello saraif you have a second could you follow campbellhesshes been trying for so long means a lot to her,0.0,0.0,0.0,1.0,0.0
rt brexitwatch in case of brexit france would no longer be under any obligation to prevent migrants from crossing the channel,0.0,-0.2732,0.099,0.852,0.049
rt cmomaharashtra cm dev_fadnavis at a fodder camp run by a village cooperative society in aashivausa talukalatur droughtrelief http,0.0,0.0,0.0,1.0,0.0
rt anisha_dss derasachasauda wow amazed to see d undying spirit of dssvolunteers for msgswachhbharat campaign its all because of gur,0.0,0.8271,0.0,0.648,0.352
rt sporty_kidz at sporty kidz camps amp parties we love running parachute games so many happy faces woking sportykidz happy http,0.0,0.9419,0.0,0.534,0.466
rt frjamesbradley just celebrated the first mass at the new shrine of our lady of hungary at marysshrine - they only told me after http,0.0,0.5719,0.0,0.861,0.139
rt bopanc munich police we are overwhelmed with donations for refugees pls stop german positive response to refugeecrisis,0.0,0.4404,0.099,0.628,0.274
jordandikeman himify payton6280 go to bed jake,0.0,0.0,0.0,1.0,0.0
rt msleamichele new month new hashtag i wanna see your back-to-school looks tag your pics with youfirstcampus,0.0,0.0,0.0,1.0,0.0
icelanders call on government to take in more syrian refugees,0.0,0.0,0.0,1.0,0.0
rt lotteleicht1 wonderful refugees welcome banners draped across football stadiums in germany this weekend via markito0171 http,0.0,0.7717,0.0,0.691,0.309
rt cnni auschwitz showers are offending some visitors to the former nazi death camp,0.0,-0.802,0.375,0.625,0.0
camppo dont worry mate im probably fielding myke pyke to cover sandi this week,0.0,0.3412,0.0,0.844,0.156
breakingnews migrants sleeping on budapests streets after train station is closed to st,0.0,0.0,0.0,1.0,0.0
rt maxcroser icelands government wanted to accept 50 syrian refugeesicelanders reaction see screenshot http,0.0,0.3818,0.0,0.833,0.167
at campuslondon for techhub demo night few minutes before starting,0.0,0.0,0.0,1.0,0.0
rt realjameswoods this is a well thought out dissection of pc insanity how trigger warnings are hurting mental health on campus http,0.0,-0.7579,0.31,0.614,0.076
who is ready for tulum and round2 of aeromethodology trainingcamp2015 aerospacehpc fortunately we,0.0,0.3612,0.0,0.828,0.172
rt dvgtworld behind the scenes with theo hugobosscampaign,0.0,0.0,0.0,1.0,0.0
as if i dont already have an incredible one with usa today 3 campus jobs amp im a full time youtuber,0.0,0.0,0.0,1.0,0.0
rt rizwansajid8 sirajofficial addressing ahbab jamiat uk summer camp on the topic of jamiat ki yaadainsirajulhaqukvisit,0.0,0.0,0.0,1.0,0.0
authentic jordan 11 retro 72-10 yeezy boost 350,0.0,0.4019,0.0,0.722,0.278
rt carnegieendow judy_dempsey open europe now in jeopardy as governments build walls against refugees russia and the roma http,0.0,-0.4767,0.147,0.853,0.0
rt mrhalimi we live in a world where a syrian refugee survives by selling pens while carrying his daughterdownwithassad,0.0,0.0,0.0,1.0,0.0
rt campandfurnace call for food traders mail iancampandfurnacecom with your details to be part of our food events,0.0,0.0,0.0,1.0,0.0
and jus when you thought it was safe to hit the breaks uk birmingham usa germany liftoff,0.0,0.4404,0.0,0.847,0.153
news update watch syrian refugee raises 160k through crowfunding via timeslive,0.0,0.0,0.0,1.0,0.0
rt realdonaldtrump im turning down millions of dollars of campaign contributionsfeel totally stupid doing so but hope it is appreciate,0.0,0.7558,0.086,0.626,0.288
video member states should share burden step up to plate to help refugees un sec gen,0.0,0.25,0.139,0.625,0.236
rt ajenglish meet the man at the centre of the buypens charity campaign,0.0,0.4215,0.0,0.811,0.189
rt wikileaksparty in the uk rupert murdoch and his son james campaigned against the taxpayer funding of the bbc they are in,0.0,0.0,0.0,1.0,0.0
rt cmomaharashtra cm dev_fadnavis visits ration shopdistributes food grains amp interacts with farmers in yerollaturdroughtrelief htt,0.0,0.0,0.0,1.0,0.0
rt ani30oct drought relief work scaled up cm devendra fadnavis to tour worst affected districts from sept 1droughtrelief,0.0,-0.3818,0.239,0.63,0.13
rt cooliesteezn i know right wadda relief,0.0,0.4767,0.0,0.617,0.383
rt apunkfemme donald trump my parents didnt come from germany to see america be taken over by immigrantsme,0.0,0.0,0.0,1.0,0.0
guffer44 ur ndp followers amp u whom campaign for them seem to have some sort of stereotype on me that i am a drunk it started w ur tweet,0.0,-0.6115,0.178,0.822,0.0
rt mikayla__jordan i really love the peace of campus at this time,0.0,0.8503,0.0,0.522,0.478
rt chara_fc refugees wait behind a fence guarded by police as the keleti train terminal in budapest was closedsept 1,0.0,0.0,0.0,1.0,0.0
jordan_hellrung are you in class will you come to the gym with me plz,0.0,0.0772,0.0,0.909,0.091
spacejordan whats wrong jordy,0.0,-0.4767,0.508,0.492,0.0
mint for colic relief simple,0.0,0.4767,0.0,0.563,0.437
rt realdonaldtrump yet another weak hit by a candidate with a failing campaign will jeb sink as low in the polls as the others who have,0.0,-0.8074,0.283,0.717,0.0
building on the drinkable advertisingcampaign building on history could this be the way forward for advertising,0.0,0.0,0.0,1.0,0.0
rt kobejordann check out kobejordan airwade- moving fastthe window by kobejordan_airwade - hiphop mtv2 thats,0.0,0.0,0.0,1.0,0.0
rt ukip ukip leader nigel_farage ill work with absolutely anyone to get a no vote in this campaign,0.0,-0.6124,0.25,0.75,0.0
literally sweating right now cause i just had to sprint across campus to get to class on time,0.0,0.0,0.0,1.0,0.0
call centre agent - technical support jobpostingdopcdqcampwidpvampsortdampid18014390ampsourcerss,0.0,0.4019,0.0,0.649,0.351
kunalkdhawan o instantly needs a walking stick and help crossing roads feelold,0.0,0.4019,0.0,0.769,0.231
rt simonpeach victor ibarbo set to join watfordfc this is waiting at heathrow t5 arrivals,0.0,0.296,0.0,0.864,0.136
i will promote your crowdfunding campaign for 5,0.0,0.3818,0.0,0.658,0.342
notting hill carnival hundreds of arrests and police officers stabbed and bitten,0.0,-0.7003,0.367,0.633,0.0
rt totterdell91 france germany uk amp some us states are fast finding out re is far more costly than alternatives,0.0,-0.1761,0.082,0.918,0.0
this is how one german town welcomed a coach-load of syrian refugees 300000 people have been killed in syria,0.0,-0.4767,0.197,0.699,0.105
rt makeitingermany life and work in germany more information,0.0,0.0,0.0,1.0,0.0
_clayy_jordan i gotta change my head gaskets,0.0,0.0,0.0,1.0,0.0
rt littlesun the campaign launches tomorrow support our kickstarter so we can produce the first batch of new little sun charge,0.0,0.4019,0.0,0.881,0.119
rt theeconomist these are the main routes migrants take to reach europe,0.0,0.0258,0.0,0.909,0.091
rt mihanam_iran1 2 year after campashraf massacre criminals should answer freethe7 ashrafmassacre amnesty unhcr iran,0.0,-0.5719,0.222,0.778,0.0
andreasenjordan but for realz why did you ask if anyone goes to that dentist,0.0,0.0,0.0,1.0,0.0
rt baileyrlowery missing my camp fam,0.0,-0.296,0.306,0.694,0.0
rt ajenews trains from hungary carrying hundreds of refugees arrive in vienna and munich,0.0,0.0,0.0,1.0,0.0
longlivevane im not saying that see thats the thing with all you fucking idiots were talking about illegal immigrants not every mexican,0.0,-0.5574,0.146,0.854,0.0
5 days of riverradness is rafting kayaking supping and camping w hipcampers snag a trip for two 5k in gear,0.0,0.0,0.0,1.0,0.0
download - refugees in international relations,0.0,0.0,0.0,1.0,0.0
jordandupee14 cassieclos i dont know maaannnnnnn,0.0,0.0,0.0,1.0,0.0
weurgebail4bapuji -our constitution gives fundamental right to justice amp relief against injustice no human rights 4 bapu,0.0,0.1531,0.242,0.492,0.266
rt tkoth3 let our boy jordanwilson_21 play mhsaa he didnt do anything wrong,0.0,0.6065,0.0,0.689,0.311
rt theeveappeal our ceo athenalamnisos1 amp theroobarb a fantastic womb cancer campaigner raising awareness for gynaecancer,0.0,-0.2023,0.21,0.619,0.171
rt leb4refugees another way to support syrian refugees is buymouneh from the houseofmouneh project supporting refugeesbuypens https,0.0,0.6808,0.0,0.728,0.272
in germany for 4 days themattespinosa love uur snapchat stories always make me smile and laugh,0.0,0.8834,0.0,0.538,0.462
siala so many posters entire sg got the campaigning posters isit,0.0,0.0,0.0,1.0,0.0
rt emilyanne29 missing dog liberty libby is lost she is on osu campus last seen on indianola and 6th 2 year old female reward rt http,0.0,0.5574,0.138,0.644,0.218
rt lakersnation video jordan clarkson imitates kobe bryants fadeaway jumper,0.0,0.0,0.0,1.0,0.0
rt brookscamp lots of sockeye salmon spawning in the river now,0.0,0.0,0.0,1.0,0.0
fantysmal pvtcheeks cy_thedreadhead hey snoopdogg are jordan and cyrus haters,0.0,-0.4939,0.262,0.738,0.0
rt pitchcontroldj repost djcamphrc with repostapphard rock cafe caracas y pitch control abren las inscripciones,0.0,0.0,0.0,1.0,0.0
rt 5sos thank you to everyone in the uk amp germany supporting the skh ep pick it up here if you like,0.0,0.7845,0.0,0.706,0.294
iwishicouldforget that one time at band camp tagtherapy,0.0,0.0,0.0,1.0,0.0
i liked a youtube video from lottie_games campers - lorde royals parody call of duty ghosts,0.0,0.4215,0.0,0.811,0.189
newelllondon jazzorenee faster34me what significance is buying jordans dont white people stand overnight to buy 1000 apple products,0.0,0.2732,0.0,0.89,0.11
jrossall94 happy birthday jordan x,0.0,0.5719,0.0,0.448,0.552
rt airjordann_23 still need a homecoming date,0.0,0.0,0.0,1.0,0.0
rt chscampusnews wednesday 99- once upon a time dress up like your favorite prince princess or fairy tale character,0.0,0.6705,0.0,0.744,0.256
rt 4freedominiran residents r deprived access 2 entclinic in baghdad y_silence on campliberty blockade ashrafmassacre freethe7 http,0.0,-0.4767,0.181,0.819,0.0
their howls of surprise echo throughout the valley over at the google campus sundar smiles,0.0,0.6369,0.0,0.714,0.286
rt sawyerlively walks across campus 5 minsgets drenched in sweat,0.0,0.0,0.0,1.0,0.0
rt macfound hundreds in connecticut jailed on bonds of less than 20k via hartfordcourant,0.0,-0.4939,0.198,0.802,0.0
rt woridpixx cologne at dusk germany,0.0,0.0,0.0,1.0,0.0
the amount of people on campus that comment on my mariners hats is pretty awesome,0.0,0.8074,0.0,0.64,0.36
rt man1red1 david degea arrives at spains training camp mufc,0.0,0.0,0.0,1.0,0.0
happiness is crossing into utah after driving cross country and being greeted by a dinosaur,0.0,0.6908,0.0,0.678,0.322
rt _jordangabriele loving someone is hard but getting over someone that you love is 10x harder,0.0,0.8422,0.053,0.579,0.367
like i really still look like a little lost freshman on campus everydaya whole year amp i still have no idea where im going lol,0.0,0.5563,0.145,0.586,0.269
monarch513 jlasuccess mrsguss nora_monty shakhenba3 scamp246 georgeinbelfast dsecretconfess mydago have a wndrful humping day,0.0,0.0,0.0,1.0,0.0
extremely sexy blonde with nice body caty campbell sucks the dick -,0.0,0.1761,0.301,0.363,0.337
rt yoifeellike mitchie from camp rock when everyone found out her mother was not the president of hot tunes tv,0.0,0.0,0.0,1.0,0.0
rt 5sosgermanyteam ashton and bryana with canadafor5sos yesterday in ny j,0.0,0.0,0.0,1.0,0.0
rt erickolguin15 miss my homie chavez on the field _campbellsoupp michaelvilla09,0.0,-0.1531,0.138,0.862,0.0
rt maomaosforehead some infamous hyolo wordswhoopi goldenretrieverbrian mcmorningunderground eyelinerfire fighter campfirerela,0.0,0.1531,0.0,0.862,0.138
milliken realtree max 4 solid border area rug,0.0,0.1531,0.0,0.789,0.211
rt why_not_islam tears of joy from a muslim girl in germany after supreme court in karlsruhe allows wearing hijab in schools,0.0,0.7579,0.072,0.646,0.281
you have giant hands jordansweeto,0.0,0.0,0.0,1.0,0.0
the back pain book a self-help guide for the daily relief of back and neck pain,0.0,-0.5423,0.304,0.553,0.143
rt jordanmabrie donald trump,0.0,0.0,0.0,1.0,0.0
we launched our 1st crowdfunding campaign today 10 you will give artsed to a student for a year rt plz,0.0,0.2023,0.0,0.851,0.149
biggest refugee crisis since wwii and american media blows over it with the latest on kim k ever growing ass sad,0.0,-0.875,0.377,0.563,0.06
rt wellchamber news 750000 funding for small rural county firms as part of _northantseps campaign,0.0,0.0,0.0,1.0,0.0
rt ajordangoat23 see why nicki cussed out miley mileywhatsgood mileycyrus,0.0,0.0,0.0,1.0,0.0
arielcampbell im flying on the 12th so i have like 2 days hahahah im hoping i have the time to catch it first,0.0,0.6786,0.0,0.763,0.237
shocks as for set apart but suborder deep space impbq,0.0,-0.2023,0.167,0.833,0.0
rt lilwaynker i told louis i saw 3 concerts and i was like sorry im a loser and he was like borderline superfan eh im trash,0.0,0.0772,0.176,0.637,0.187
nike foamposite pro blackgreenred pre-order mens gs jordan 1 5 6 7 9 11,0.0,0.0,0.0,1.0,0.0
lee camp afcb rufc,0.0,0.0,0.0,1.0,0.0
2 person camping instant tent hiking ultra lightweight scout outdoor waterproof at tactical gear zone -gt tents c,0.0,0.2732,0.0,0.877,0.123
rt athlete__tweet why cant nike and jordan have this material on their shoes,0.0,0.0,0.0,1.0,0.0
dont hesitate to show some humanity immigrant crisis,0.0,-0.5083,0.344,0.504,0.152
rt studeboy their newborn was covered in hundreds of birthmarks but look at her 19 years later,0.0,0.0,0.0,1.0,0.0
rt sunny_hundal excellent attack by yvette cooper on how uk govt has responded to the refugee crisis in speech today,0.0,-0.5423,0.258,0.609,0.133
rt imiasanmia lewandowski on instagram preparations for the match against germany are on the right track,0.0,0.0,0.0,1.0,0.0
rt iran_policy campliberty siege obstructing entry of clothes breach of mou between un amp iraq disappeared freethe7,0.0,-0.2263,0.106,0.894,0.0
changing my avatar to support simoncommunity simonforecast campaign plse visit amp send your letter to govt,0.0,0.4019,0.0,0.847,0.153
agatapyzik the more open a countrys borders the more flexible its work conditions--thats inevitable no,0.0,-0.0018,0.134,0.732,0.134
rt derasachasauda can u complete the tagline of cleanliness campaigns 4 a msgswachhbharat being conducted by dss since 2011 ho prith,0.0,0.0,0.0,1.0,0.0
bad memories please dont do it migrantcrisis,0.0,-0.296,0.324,0.463,0.213
jordanaxt and if you prefer to keep things simple theres probably some room between crisis and great,0.0,0.0,0.177,0.647,0.177
rt irishinbritain this powerful image has been shared across irish social media does it strike a cord with you refugeecrisis,0.0,0.631,0.065,0.691,0.244
rt ontmmah moving off-campus and renting for the first time learn more about renting students,0.0,0.0,0.0,1.0,0.0
rt jordanems never gets old,0.0,0.0,0.0,1.0,0.0
jordanjohnson09 lol he can hit it though everyone strikes out cards gonna win everything so it doesnt even matter,0.0,0.6157,0.142,0.596,0.262
rt mailchimp optimize your email with powerful ab testing test the content of your campaigns with up to 3 variations at a time http,0.0,0.7184,0.0,0.769,0.231
sensex rises on mat relief to foreign investors bse sensex and nifty opened higher today despite global marke,0.0,0.7003,0.0,0.734,0.266
air jordan 11 xi retro low ds size 85 bred blackred playoff,0.0,-0.2732,0.16,0.84,0.0
ks valut special air jordan 5 retro black metallic silver from 1999 ds never worn no cracking or,0.0,0.6679,0.0,0.684,0.316
rt fretsward aka_mick huffpostmedia this little la raza bastard is an enemy of the us his family has infiltrated the clinton campaign,0.0,-0.7741,0.252,0.748,0.0
rt botakajordan if the world only knew what this means to me cant hold my emotions god is good proud lufc lufc,0.0,0.7964,0.0,0.701,0.299
jordanle123 im not laughing jordan,0.0,-0.3875,0.396,0.604,0.0
your position on refugees is tantamount to jumping in the water to save someone or standing by and letting them drown refugeecrisis eu,0.0,-0.128,0.133,0.753,0.115
rt yeezycentral kanye west amp kim kardashian for alexanderwangny do something campaign shot by steven klein,0.0,0.0,0.0,1.0,0.0
rt 0hbaepost their newborn was covered in hundreds of birthmarks but look at her 19 years later,0.0,0.0,0.0,1.0,0.0
shoes air jordan 5 black quai 54 v sample pe sneaker size 85 friends,0.0,0.4767,0.0,0.78,0.22
dead bc of _mcampbell16s tweetsim the only one who even understand,0.0,-0.6486,0.301,0.699,0.0
rt adamcrafton_ message from de gea camp tonight is he goes back to mufc determined to win his place back no sulking and he strives to,0.0,0.3612,0.143,0.669,0.188
rt venturebeat cortana can now handle translations for you by jordannovet,0.0,0.0,0.0,1.0,0.0
rt jordanmabrie donald trump,0.0,0.0,0.0,1.0,0.0
rt putneydebates bonn1egreer jackjoh01219520 amolrajan this by gkbhambra excellent on migrant vs citizen narrative,0.0,0.5719,0.0,0.778,0.222
rt jackharries this snazzy looking coffee machine arrived in the studio this morning,0.0,0.0,0.0,1.0,0.0
rt kencampbell66 obama will do deals with the taliban but not congress what does that say about him he wont help the syrian govt but,0.0,-0.438,0.107,0.893,0.0
rt guardianus rob ford and canadians laugh off scott walkers off the wall border idea,0.0,0.0,0.178,0.644,0.178
rt saviojoseph the new vista print campaign has made a sector like printing seem so interesting,0.0,0.7177,0.0,0.685,0.315
rt csanfilippo01 the secret to running smarter retargeting campaigns - via dynamicyield,0.0,0.4588,0.0,0.769,0.231
rt hashafidh jordanian pilot burnt to death by isis - international outrage media all over the story4 shia iraqis face same fate amp i,0.0,-0.802,0.265,0.735,0.0
rt citizentommy actor tomurie comedian janeygodley disability rights campaigner susanarchibald will join scores of bands amp speakers,0.0,0.5859,0.0,0.758,0.242
if u allow d stupidity of wsu 2 stand on their pc ignorance u accept d same path done 2 d jews n nazi germany haters murder,0.0,-0.8689,0.432,0.422,0.146
i only pray our players remain healthy n were more efficient in our play stay focused i hope to see joel campbell have a fair chance,0.0,0.9538,0.0,0.408,0.592
rt derasachasauda cleanliness campaigns msgswachhbharat missioninitiated since 2011 by gurmeetramrahim to counter dangerous diseases h,0.0,-0.4767,0.193,0.807,0.0
photos of migrants hiding in car engine to enter spain ngtrends,0.0,-0.296,0.18,0.82,0.0
kocampo17 mcdo,0.0,0.0,0.0,1.0,0.0
rt boxoffice straight outta compton took in 134m on monday domestic total stands at 13536m straightouttacompton,0.0,0.2263,0.0,0.888,0.112
rt john3ners slatukip 1 of their directors is also dir of chartwell political james pryor of chll pol iswas campaign director for uk,0.0,0.0,0.0,1.0,0.0
eravani eravaniintroduction success the introduction ep campaign this fall amp winter watch,0.0,0.5719,0.0,0.748,0.252
rt trendinghangout miamicelebs9 jordan hinson nude watch jordanhinson celebrity fappieren london nyc,0.0,0.0,0.0,1.0,0.0
rt cmomaharashtra cm dev_fadnavis visits ration shopdistributes food grains amp interacts with farmers in yerollaturdroughtrelief htt,0.0,0.0,0.0,1.0,0.0
rt mrsannetwist im supporting antibullyingpro back2school campaign by sharing my school photo get involved htt,0.0,0.6908,0.0,0.695,0.305
rt iandunt germany has a 10-point plan for refugees britain refuses to even discuss it,0.0,0.0,0.0,1.0,0.0
joye has a friend who is collecting needed items to take to calais for refugees in need of help details about,0.0,0.7096,0.0,0.753,0.247
nike air jordan retro xi 11 cool grey sz 12 space jam concord,0.0,0.3612,0.0,0.759,0.241
rt jordanmabrie donald trump,0.0,0.0,0.0,1.0,0.0
rt i_yler alexander wangs new campaign do something features kim amp kanye,0.0,0.0,0.0,1.0,0.0
rt chadjordan23 when a hoe talks about another hoe,0.0,0.0,0.0,1.0,0.0
rt randallsan love this song rt itsgabbydiaz_ majid jordan gives us a visual for my love feat drake -,0.0,0.8555,0.0,0.641,0.359
rt coliegestudent parking on campus,0.0,0.0,0.0,1.0,0.0
rt free_media_hub refugee not migrant sign the new petition for refugee awareness refugees syria buypens htt,0.0,0.0,0.0,1.0,0.0
germany with power training gear yet again leetasker1,0.0,0.0,0.0,1.0,0.0
coachhuck22 you made me love basketball summer camp i caught a rebound drove up court got an assist you said it was great motivator,0.0,0.8519,0.0,0.707,0.293
rt reutersuk migrant trains reach germany as eu asylum system creaks,0.0,0.0258,0.0,0.901,0.099
rt ryry_elliott started an application for camp america,0.0,0.0,0.0,1.0,0.0
rt neykodominguez i have lost this puppy in springfield by sunshine and campbell please rt only_in_spfd,0.0,0.4939,0.116,0.606,0.278
watched on periscope talking to ronzheimer about his refugee story and periscope,0.0,0.0,0.0,1.0,0.0
botakajordan lets see the skills this season lufc,0.0,0.0,0.0,1.0,0.0
rt welcomeovo majid jordan my love feat drake video now playing on the ovo blog,0.0,0.7184,0.0,0.684,0.316
rt theonlycelia oh thank goodness this is somehow a relief from yesterdays anticipation delimabringthetruth delimadonotresign http,0.0,0.8402,0.0,0.524,0.476
it only takes 8 minutes to walk across campus oops,0.0,0.0,0.0,1.0,0.0
rt utsaquidditch club quidditch tryouts are today so excited to see you all out on utsacampusrec field 1 today at 530 pm dont miss,0.0,0.5515,0.0,0.822,0.178
grateful i got a job on campus that doesnt involve working in the union,0.0,0.4588,0.0,0.786,0.214
rt abcnews24 refugees dont have to be a burden they can make contributions if our policies enable them to - alexander_betts http,0.0,-0.4404,0.132,0.868,0.0
rt missinfo majidjordan and drakes my love video is here watch now,0.0,0.6369,0.0,0.724,0.276
rt annelamott very much in favor of chris christies plan to use fed ex tracking techniques on immigrants but what if no one is home to,0.0,-0.2067,0.097,0.834,0.069
dior video campaign available for homme winter collection via yahoonews,0.0,0.0,0.0,1.0,0.0
shoes air jordan 6 vi mvp history of jordan spizike mens size 11,0.0,0.0,0.0,1.0,0.0
lizzycampbell jobabe032 chest,0.0,0.0,0.0,1.0,0.0
muse viktoriia krutskikh mouro art muses fantasyart in photography 2015 on the borders of the ancient,0.0,0.0,0.0,1.0,0.0
rt ruptly refugee influx prompts police to shut down budapest main stationfull video,0.0,0.0,0.0,1.0,0.0
what a relief,0.0,0.4767,0.0,0.244,0.756
amant - if theres love 699 amant disco vinyl records arrived in stock see,0.0,0.6369,0.0,0.741,0.259
acnes creative director taps his 12-year-old son to model in his latest womens wear campaignand the results awesome,0.0,0.7906,0.0,0.696,0.304
rt harleydavidson sdharley took inspiration from a 45 wl45 us navy flathead for their hdstreet hdcustomkings build rollyourown h,0.0,0.5267,0.0,0.825,0.175
rt gigjap 926sta rivierawomb crossinggirlsgirlswomb tokyo riviera sapporo noriyukiomoto gigjap,0.0,0.0,0.0,1.0,0.0
in the path of one refugee dw news our reporter talked to one syrian refugee who like thousands of others,0.0,0.3612,0.0,0.884,0.116
james okeefe a political sleuth to stalk campaigns for wrongdoing via nytpolitics,0.0,0.0,0.0,1.0,0.0
hungary superb eastern imperial eagles long eared owls so close middle-spotted woodpeckers hawfinches showing v well top day in hot sun,0.0,0.7906,0.0,0.68,0.32
shoes ds 105 air jordan toro bravo 4s new with original box sneakers,0.0,0.3182,0.0,0.839,0.161
rt roseunwin britains welcome to refugees in the past,0.0,0.4588,0.0,0.727,0.273
watch halo 5 opening cinematic the opening cinematic for the halo 5 guardians campaign has been released,0.0,0.0,0.0,1.0,0.0
circles2015 dfwwordcamp and now pressnomics i guess im getting serious about this whole wordpress thing,0.0,-0.0772,0.091,0.909,0.0
rt jordanjordanq98 arathortiz secretly iam,0.0,0.0,0.0,1.0,0.0
cheekylatte mahoney2john hillchaser the eu is paying net contributor countries 6000 per migrantthe eu gets the money from taxpayers,0.0,0.0,0.0,1.0,0.0
migrant chaos at budapest train station times of india allthenews,0.0,-0.5719,0.291,0.709,0.0
rt bigstarlet once people fled germany it is now the promised land refugeeswelcome,0.0,0.3612,0.0,0.828,0.172
rt rapup video majid jordan feat drake - my love,0.0,0.6369,0.0,0.656,0.344
disambiguated highly unlikely that the turk one was ever used to cross a border for reasons previously mentioned,0.0,0.0,0.0,1.0,0.0
_yxsxr rt utdreports message from de gea camp tonight is he goes back to manchester united determined to win his p,0.0,0.8402,0.0,0.654,0.346
nah the ones you see on that campus dont stand out,0.0,-0.1027,0.123,0.877,0.0
rt jordanjumzz its so crazy to me how u can get to know someone else better than you even know yourself,0.0,-0.0557,0.13,0.749,0.121
rt madhu03_ dance for democracyd4dinnovative political campagning by the youth opens the show with umeedon wali dhoopsunshine wali aa,0.0,0.0,0.0,1.0,0.0
rt sailingnewsonly sailing sailingnews austria and netherlands take 49er youth world honours,0.0,0.4939,0.0,0.775,0.225
coach bronco speaking before heading to nebraska beatnebraska byufootball byu,0.0,0.0,0.0,1.0,0.0
rt yoanty1 the air jordan laser 1 is the most comfortable jordan 1 ever made and i cant tell you why,0.0,0.5563,0.0,0.826,0.174
air jordan 14 retro black vibrant yellow size11,0.0,0.5267,0.0,0.673,0.327
rt leukaemiacareuk today marks the start of bloodcancerawarenessmonth join our campaign amp spread the word about blood cancers,0.0,0.296,0.0,0.885,0.115
whataburger on utsa campus would be perf,0.0,0.0,0.0,1.0,0.0
ukip will launch its own campaign against staying in the eu and not join the other two existing no groups mailonline,0.0,-0.4745,0.177,0.823,0.0
i just took in that mr krabs and plankton are the same age wtf,0.0,-0.5859,0.241,0.759,0.0
live on periscope atlanta to germany airport,0.0,0.0,0.0,1.0,0.0
sog knife assisted opening hot black pocket camping stainless steel saber 64hu - full read,0.0,0.0,0.0,1.0,0.0
rt aptly_engineerd sigal said an african refugee child she works with asked if she could grow up to be white so she wouldnt have to fa,0.0,0.0,0.0,1.0,0.0
rt sofiaorden refugee studies centre - oxford university sociology 381702421 free sociology 381702421,0.0,0.5106,0.0,0.769,0.231
shoes air jordan fear pack 3 size 105 deadstock,0.0,-0.4939,0.314,0.686,0.0
rt 10and5 join our team were looking for a creative projects manager to work across campaigns projects and events details,0.0,0.6249,0.0,0.769,0.231
wikipedia bans hundreds of black hat paid editors who created promotional pages its site sometimes wikipedi,0.0,0.25,0.0,0.882,0.118
rt jordan_housh stressing so much,0.0,-0.3612,0.385,0.615,0.0
rt postlike_girl their newborn was covered in hundreds of birthmarks but look at her 19 years later,0.0,0.0,0.0,1.0,0.0
rt davehytner wenger will not do anything today either incoming or outgoing joel campbell an unused sub at newc on sat set to stay a,0.0,0.296,0.0,0.913,0.087
new video majid jordan my love drake official video majidjordandrake,0.0,0.6369,0.0,0.682,0.318
rt gafollowers people are camping outside a new chickfila opening 92 by perimeter mall for free food for a year for the first 100 http,0.0,0.5106,0.0,0.87,0.13
fun fact walking around campus all day with a backpack that weighs the same as a small child isnt a good time rip2myshoulders,0.0,0.2249,0.101,0.759,0.139
migrant chaos at budapest train station - send them fight isis first,0.0,-0.743,0.412,0.588,0.0
rt tomgara chipotle rolling out delivery to dozens of college campuses this fall,0.0,0.0,0.0,1.0,0.0
rt tayhundreds minor shit,0.0,-0.5574,0.545,0.455,0.0
thanks for the follow doechaser1 let us know if we can ever be of any assistance,0.0,0.4404,0.0,0.838,0.162
rt mashable hungary shuts budapest train station leaving migrants stranded,0.0,0.0,0.0,1.0,0.0
fleetstreetfox people are ignoring the politicians the racists and turning out to help the refugees they get it,0.0,-0.5423,0.259,0.628,0.113
rt abeaboraya new 48 million health building coming to seminolestate altamonte springs campus another public-private partnership,0.0,0.0,0.0,1.0,0.0
shoes jordan xi low cobalt size 95,0.0,-0.2732,0.259,0.741,0.0
collegelife new musick camp ft jeremih change collegelifeshop,0.0,0.0,0.0,1.0,0.0
rt brad_carpenter rt carolcampbell4 new resource for school leaders using student voice to inform literacy improvement planning http,0.0,0.4588,0.0,0.85,0.15
rt kimkanyekimyefc kanyewest amp kimkardashian for alexanderwangny do something campaign shot by steven klein,0.0,0.0,0.0,1.0,0.0
rt drudge_report_ murder of elderly couple in sicily fuels italys growing anti-immigrant sentiment anncoulter,0.0,-0.6124,0.255,0.652,0.092
nike air jordan 1 retro high og shattered backboard sz 105 backboards sbb,0.0,-0.4767,0.22,0.78,0.0
jordan_bridges but thats so cruel,0.0,-0.8316,0.63,0.37,0.0
rt darthputinkgb divide thine enemy1 fund a tyrants slaughter creating migrants2 critisize eu migrant policy3 fund anti migrant p,0.0,-0.0258,0.118,0.769,0.113
rt landesignuk need assistance with planning minerals and nature conservation specialists and general planning work shireshour http,0.0,0.0,0.0,1.0,0.0
rt godlwt yall larry is real me give me proof- yall gets hundreds of receipts me,0.0,0.0,0.0,1.0,0.0
fact sheet the its on us campaign launches new psa marks one-year since launch of its on us campaign t,0.0,0.0,0.0,1.0,0.0
mis_lexis i have a soft spot in my heart for borders i cant stand bampn,0.0,0.0,0.0,1.0,0.0
rt dazedmagazine get your first look at nymphomaniac actress stacy martins miumiuofficial campaign,0.0,0.0,0.0,1.0,0.0
rt woridstarcomedy parking on campus,0.0,0.0,0.0,1.0,0.0
rt zulemacampoy thnks fr th mmrs,0.0,0.0,0.0,1.0,0.0
robyn urback are you a breathing eligible voter tom mulcair has a campaign promise for you via fullcomment,0.0,0.3182,0.0,0.867,0.133
rt chpsre rt hrw rt bouckap now that germany has agreed 2 take syrianrefugees stuck in hungary other eu countries sho,0.0,0.0258,0.09,0.814,0.095
can you afford to give 10 a month and provide a young girl direct relief from child sexual exploitation click,0.0,0.4767,0.0,0.846,0.154
rt samaritanscymru jamesldowns gofal_ campaigning for refresh of eating disorders framework for wales patien,0.0,0.0,0.0,1.0,0.0
crossing the bar japanese-ceiling re japanese cuisines yol,0.0,0.0,0.0,1.0,0.0
rt gisela_estep photo of syrian refugee in beirut selling pens on the street goes viral humanrights reuters,0.0,0.0,0.0,1.0,0.0
aravindbk passionate about your hobby and want to take it to another level follow ebayindias shemeansbusiness campaign,0.0,0.5719,0.0,0.761,0.239
if scottwalkers canada wall on serious news shows just a joke - campaign should be taken same way uniteblue p2,0.0,0.2263,0.067,0.821,0.113
that tree that fell down at the tempe campus is famous ive seen it in about 10 stories on snapchat,0.0,0.0,0.0,1.0,0.0
rt jamsla16 troops recapture northeast border town of gamboru ngala,0.0,0.0,0.0,1.0,0.0
hundreds of refugees arrive in vienna and munich ajenews,1.0,0.0,0.0,1.0,0.0
10000 icelanders offer to house syrian refugees after authors call - via telegraph,1.0,0.0,0.0,1.0,0.0
rt elizrael after the gov of iceland agreed to resettle only 50 refugees 10000 icelanders offer to personally house refugees,1.0,0.2732,0.0,0.9,0.1
rt afp breaking 3650 migrants reached vienna by train monday new daily record police,1.0,0.1027,0.0,0.903,0.097
thousands of icelanders have volunteered to take syrian refugees into their homes,1.0,0.0,0.0,1.0,0.0
migrants arrive at german rail stations bbc - found 36 minutes ago hundreds of migrants,1.0,0.0,0.0,1.0,0.0
rt hungarytoday austria stops budapest-munich train packed with 300 migrants at its border with hungary http,1.0,-0.1531,0.096,0.904,0.0
rt melissarfleming 10000 icelanders offer to house syrian refugees after authors call humanity,1.0,0.0,0.0,1.0,0.0
rt nedadmemic 3650 refugees arrived at viennas westbahnhof station yday only 6 of them applied for an asylum in austria others w,1.0,0.0,0.0,1.0,0.0
rt bouckap 2day we will b on serbia-hungary razor wire fence pls help our campaign 4 syriarefugees w rts solidarity amp humanity not fe,1.0,0.6369,0.0,0.744,0.256
ticket to freedom as refugees arrive in germany kabari,1.0,0.6369,0.0,0.656,0.344
rt melissarfleming 10000 icelanders offer to house syrian refugees after authors call humanity,1.0,0.0,0.0,1.0,0.0
rt davidkrutzler westbahnhof refugees are welcomed in vienna austria,1.0,0.34,0.0,0.769,0.231
breaking news 3650 migrants reached vienna by train yesterday new daily record police say - afp,1.0,0.1027,0.0,0.909,0.091
hungarys border fence isnt stopping desperate syrian migrants - time,1.0,0.3412,0.0,0.673,0.327
rt fid1dec 10000 icelanders offer to house syrian refugees after authors call - human response v government resp,1.0,0.0,0.0,1.0,0.0
rt bouckap 2day we will b on serbia-hungary razor wire fence pls help our campaign 4 syriarefugees w rts solidarity amp humanity not fe,1.0,0.6369,0.0,0.744,0.256
refugees offered homes in iceland land of warm hearted wonderful people bravo,1.0,0.6808,0.0,0.641,0.359
rt afp breaking 3650 migrants reached vienna by train monday new daily record police,1.0,0.1027,0.0,0.903,0.097
rt presstv over 80k dollars raised through crowdfunding for syrian refugee syrianrefugees,1.0,0.0,0.0,1.0,0.0
rt afp breaking 3650 migrants reached vienna by train monday new daily record police,1.0,0.1027,0.0,0.903,0.097
rt nytimesworld refugees wait for their moment then make a dash under razor wire forhungary,1.0,0.0,0.0,1.0,0.0
rt euractiv trainloads of migrants reach austria germany as eu asylum system collapses,1.0,-0.2732,0.154,0.769,0.077
rt bouckap now that germany has agreed 2 take syrianrefugees stuck in hungary other eu countries should be as generous and welcome t,1.0,0.7506,0.073,0.62,0.307
rt bouckap now that germany has agreed 2 take syrianrefugees stuck in hungary other eu countries should be as generous and welcome t,1.0,0.7506,0.073,0.62,0.307
rt afp breaking budapests main railway station has ordered everyone to leave as hundreds of migrants tried to board trains to austria a,1.0,-0.0516,0.054,0.946,0.0
migrant trains arrive in austria as crisis deepens,1.0,-0.6249,0.369,0.631,0.0
mondays migrant influx by rail to vienna biggest this year police a total of 3650 migrants reached vienna,1.0,0.1027,0.0,0.92,0.08
rt mortezataghavi4 hungary detains 5th suspect in trafficking of 71 migrants who died in truck found in austria p,1.0,-0.7003,0.266,0.734,0.0
rt 7piliers hundreds of refugees arrive in vienna and munich via ajenews,1.0,0.0,0.0,1.0,0.0
egyptian navy bombards african refugees in open sea trying to reach europe via spideypeter1,1.0,0.0258,0.0,0.922,0.078
rt hrw rt bouckap now that germany has agreed 2 take syrianrefugees stuck in hungary other eu countries sho,1.0,0.0258,0.1,0.796,0.104
rt elizrael after the gov of iceland agreed to resettle only 50 refugees 10000 icelanders offer to personally house refugees,1.0,0.2732,0.0,0.9,0.1
rt aureliabailly migrantcrisis hungary line of vehicules waiting for a check control by austrian in hegyeshalom afp by afpattila htt,1.0,0.0,0.0,1.0,0.0
rt afp breaking budapests main railway station has ordered everyone to leave as hundreds of migrants tried to board trains to austria a,1.0,-0.0516,0.054,0.946,0.0
rt skynewsbreak hungary has closed budapests main eastern keleti railway station - no trains departing or arriving and hundreds of mig,1.0,-0.296,0.104,0.896,0.0
al jazeera english thousands of refugees arrive in vienna and munich thank god poor adolf is not around to see this,1.0,0.128,0.121,0.7,0.179
rt bouckap many syrianrefugees keleti hungary losing hope 2 take trains 2 germany looking at dangerous smuggling tragedies waitin,1.0,-0.8316,0.44,0.451,0.109
record number of migrants arrive in vienna headlinesapp,1.0,0.0772,0.0,0.843,0.157
budapests main railway station has been evacuated and shut thousands of migrants have been taking trains from there to austria and germany,1.0,0.0,0.0,1.0,0.0
rt ap hungary shuts down rail traffic at main budapest station to prevent migrants from boarding,1.0,0.0258,0.0,0.932,0.068
reuters migrant trains reach germany as eu asylum system creaks viennamunich reuters - trainloads of mi,1.0,0.0258,0.0,0.927,0.073
rt chara_fc a refugee family leave a train coming from austria at the railway station in munich germany august 31refugees,1.0,-0.0516,0.066,0.934,0.0
rt alertnet hungary closes main budapest station hundreds of migrants waiting,1.0,0.0,0.0,1.0,0.0
rt naderkarim3 hungary detains 5th suspect in trafficking of 71 migrants who died in truck found in austria iran,1.0,-0.7003,0.254,0.746,0.0
rt anemonanyc morning commuters in budapest train station file past refugees waiting for passage to germany http,1.0,0.0,0.0,1.0,0.0
rt rt_com urgent all trains stopped at hungarian border due to influx of migrants - live now,1.0,-0.0258,0.107,0.791,0.102
rt mp_hennessy this is solidarity 10000 icelanders offer homes to syrian refugees,1.0,0.296,0.0,0.833,0.167
syrian children waitnot far from their relatives a train for germany in viennaaug31syrianrefugees refugees,1.0,0.0,0.0,1.0,0.0
rt brownaandlovely 5000 refugees amp migrants from myanmar and bangladesh found themselves stranded at sea,1.0,0.0,0.0,1.0,0.0
skyhigh police block budapest station to migrants migrants outside one of hungarys main stations chant ger,1.0,-0.4404,0.162,0.838,0.0
rt holbornlolz uk has accepted 140000 refugees and asylum seekerselection_data,1.0,0.2732,0.0,0.811,0.189
hundreds of migrants arrive in vienna the easiest way to make a good living,1.0,0.6908,0.0,0.659,0.341
hundreds of refugees arrive in vienna switch trains towards germany zurich hundreds of refugees arriving fr,1.0,0.0,0.0,1.0,0.0
packed trains reach germany as refugee visa checks are waived,1.0,0.0258,0.0,0.891,0.109
migrant trains reach munich station,1.0,0.0258,0.0,0.784,0.216
hungary closes budapest train station to stop migrant exodus west -,1.0,-0.296,0.196,0.804,0.0
breakingnews hungary shuts down rail traffic for westward-bound migrants,1.0,0.0,0.0,1.0,0.0
10000 icelanders have offered to take refugees into their homes asylum eu,1.0,0.0,0.0,1.0,0.0
although many of them did not have eu visas the refugees ended up staying the night in vienna and were welcomed with open arms by austrians,1.0,0.34,0.0,0.912,0.088
rt ruptly hundreds of refugees welcomed by jubilant crowds in munichwatch more,1.0,0.7506,0.0,0.61,0.39
rt nbcnews hungary closes budapest train station to stop migrant exodus west,1.0,-0.296,0.167,0.833,0.0
rt liamstack the people of iceland offered to accept 10000 syrian refugees at 300000 people iceland has a smaller population than sta,1.0,0.3818,0.0,0.885,0.115
rt middleeasteye 20000 people march in solidarity with refugees in vienna,1.0,0.296,0.0,0.82,0.18
migrant crisis budapest train service stopped as preventive measure,1.0,-0.7184,0.462,0.538,0.0
rt chara_fc refugees leave a train coming from austria at the railway station in munich germany august 31trainofhope,1.0,-0.0516,0.07,0.93,0.0
border guards receive new 99 syrian refugees amman sep1 petra- a total of 99 syrian refugees from various,1.0,0.0,0.0,1.0,0.0
hungary reopens railway station migrants kept out mti,1.0,0.0,0.0,1.0,0.0
rt dwnews budapest vienna train stations overwhelmed with refugees,1.0,0.0516,0.0,0.87,0.13
rt rgcooke sweden population 10 million will this year take in 100000 syrian refugees australia population 23 million will take i,1.0,0.0,0.0,1.0,0.0
migrants barred from hungary station hundreds of migrants protest outside a majo,1.0,-0.25,0.167,0.833,0.0
hungary detains 5th suspect in trafficking of 71 migrants who died in truck found in austria bbc iran headline,1.0,-0.7003,0.254,0.746,0.0
rt business hundreds of refugees arrive in germany after police in hungary and austria let them travel by train,1.0,0.0,0.0,1.0,0.0
migrant trains reach germany as eu asylum system creaks,1.0,0.0258,0.0,0.879,0.121
rt arwacnn refugees demo at budapest train station after hungary shuts it down chants 4 un un they just want 2 get out,1.0,0.0772,0.0,0.939,0.061
migrants barred from hungary station newborder,1.0,0.0,0.0,1.0,0.0
rt france24 breaking more than 350000 migrants have crossed the mediterranean since january iom,1.0,0.0,0.0,1.0,0.0
rt france24_en breaking more than 350000 migrants have crossed the mediterranean since january iom,1.0,0.0,0.0,1.0,0.0
rt chara_fc refugees children sit in front police as train heading for austriastopped for checks at border station hegyeshalom http,1.0,0.0,0.0,1.0,0.0
hungary closes main budapest station to refugees,1.0,0.0,0.0,1.0,0.0
rt anemonanyc keleti train station budapest officially shut to migrants un un and why why why thousands shout outside,1.0,0.0,0.0,1.0,0.0
rt chara_fc refugees receive food after they arrived at a railway station in vienna austriasept 1 refugeeswelcome,1.0,0.0,0.0,1.0,0.0
more than 11000 icelanders offer to house syrian refugees to help european crisis,1.0,-0.34,0.23,0.618,0.152
rt chara_fc refugees receive food after they arrived at a railway station in vienna austriasept 1 refugeeswelcome,1.0,0.0,0.0,1.0,0.0
10000 icelanders offer to house syrian refugees after authors call - via telegraph humanrights,1.0,0.0,0.0,1.0,0.0
rt tommayereuropa 230am train station salzburg 1500 refugees 100 babiesampchildren supermarket opens to send babyfood drinks snacks,1.0,0.0,0.0,1.0,0.0
rt tommayereuropa look at this picture from train station vienna westbahnhof hundreds of citizens waiting for 1500 refugees,1.0,0.0,0.0,1.0,0.0
rt tommayereuropa 230am train station salzburg 1500 refugees 100 babiesampchildren supermarket opens to send babyfood drinks snacks,1.0,0.0,0.0,1.0,0.0
rt rgcooke germany has dropped eu rules to take in more than 800000 refugees this year alone,1.0,-0.25,0.111,0.889,0.0
thousands of refugees arrive in vienna and munich,1.0,0.0,0.0,1.0,0.0
rt alarabiya_eng 3650 migrants reach vienna in record high,1.0,0.0258,0.0,0.879,0.121
rt independent more than 11000 icelanders are offering syrian refugees their homes,1.0,0.0,0.0,1.0,0.0
top story in vienna trains packed with migrants are welcomed and ushered on see more,1.0,0.4939,0.0,0.756,0.244
rt ajenews trains from hungary carrying hundreds of refugees arrive in vienna and munich,1.0,0.0,0.0,1.0,0.0
rt refugeesce greek coastguard rescues 25k refugees over the last three days,1.0,0.3182,0.0,0.827,0.173
more than 350000 migrants have crossed mediterranean this year iom,1.0,0.0,0.0,1.0,0.0
rt hindolsengupta germany is taking in 800000 syrian etc refugees this year how many are qatar which finances the voice of the muslim,1.0,0.0,0.0,1.0,0.0
rt me_mo_mag a syrian refugee already landed at tabanovcs train station after the long trip through macedonia the,1.0,0.0,0.0,1.0,0.0
rt itvnews on itv news 130pmmigrants protest closure of budapest station satellite images of palmyra deadlineday latest,1.0,-0.25,0.111,0.889,0.0
rt free_media_hub refugee crisis hundreds arrive at austria station via buypens,1.0,-0.6249,0.291,0.709,0.0
42k people in two months chilling video report by lindseyhilsum on the syria refugee crisis macedonia greece,1.0,-0.6369,0.257,0.743,0.0
we need to take 10000 refugees and not give in to fear says yvettecoopermp via huffpostukpol,1.0,-0.4939,0.176,0.824,0.0
yvette cooper uk should take in 10000 refugees from middle east,1.0,0.0,0.0,1.0,0.0
rt riserefugee iceland caps syrian refugees at 50 10000 icelanders respond by offering their homes,1.0,0.0,0.0,1.0,0.0
rt dwnews good news too germans helping refugees during migration crisis,1.0,-0.0,0.238,0.465,0.297
rt matinastevis in recently bankrupt non-eu member iceland of 300k citizens 10000 offer homes to refugees what were you saying http,1.0,-0.5574,0.153,0.847,0.0
rt msf_sea hi frontexeu the majority of arrivals to greece are refugees from syria please stop calling them migrants it is factuall,1.0,0.0258,0.09,0.816,0.094
unus promised to protect iranian refugees in campashraf iraq we demand answers 2 years after abduction of 7residents disappeared,1.0,-0.2732,0.285,0.514,0.202
rt dwnews in pictures refugees stuck in budapest as police closes train station,1.0,-0.25,0.143,0.857,0.0
rt melissarfleming 10000 icelanders offer to house syrian refugees after authors call humanity,1.0,0.0,0.0,1.0,0.0
rt sophiabush what a shining human moment read this rt guardian icelanders call on government to take in more syrian refugees,1.0,0.0,0.0,1.0,0.0
rt time thousands of icelanders have offered to take syrian refugees into their own homes,1.0,0.0,0.0,1.0,0.0
rt oliviawilde wow while we try to throw people out and build a wall others are opening their homes to refugees true humanity https,1.0,0.765,0.0,0.761,0.239
rt slate iceland caps syrian refugees at 50 10000 icelanders respond by offering their homes,1.0,0.0,0.0,1.0,0.0
the way ordinary people in europe are reacting to the refugee crisis in their countries is heartwarming great humanity and solidarity,1.0,0.6486,0.134,0.557,0.308
who are the refugees risking their lives migrants have been heading to europe in record numbers and most are refugees fleeing thei,1.0,-0.3182,0.099,0.901,0.0
thousands in iceland say theyll welcome syrian refugees into their homes,1.0,0.4588,0.0,0.769,0.231
yvette cooper uk should take in 10000 refugees from middle east labour unelectable 2015 ethnic vote swing 2120,1.0,0.0,0.0,1.0,0.0
rt paul_dillane inspiring go iceland - thousands of icelanders are offering syrian refugees their homes refugee,1.0,0.4215,0.0,0.833,0.167
thousands in iceland say theyll welcome syrian refugees into their homes letsnurture,1.0,0.4588,0.0,0.786,0.214
thousands in iceland say theyll welcome syrian refugees into their homes europe is struggling to come to ter,1.0,0.0516,0.128,0.734,0.138
rt helenpidd 10000 icelanders offer to house syrian refugees ltltany appetite for the same in the ukgtgt,1.0,0.0,0.0,1.0,0.0
rt c3o 20000 at refugeeswelcome march in vienna lt3 photo urbanderstandard,1.0,0.0,0.0,1.0,0.0
rt mashable thousands in iceland say theyll welcome syrian refugees into their homes,1.0,0.4588,0.0,0.8,0.2
thousands in iceland say theyll welcome syrian refugees into their homes,1.0,0.4588,0.0,0.769,0.231
organo gold keleti train station in budapest temporarily shuts down amid migrant crisis gtgt,1.0,-0.6249,0.24,0.76,0.0
thousands in iceland say theyll welcome syrian refugees into their homes,1.0,0.4588,0.0,0.769,0.231
rt faisalislam munich police overwhelmed with too much help from germans for refugees polizeimuenchen via matinastevis,1.0,0.4404,0.0,0.782,0.218
germanys merkel says refugees should be distributed fairly across eu,1.0,0.0,0.0,1.0,0.0
rt maxcroser icelands government wanted to accept 50 syrian refugeesicelanders reaction see screenshot http,1.0,0.3818,0.0,0.833,0.167
rt sarafeed incredible gt thousands of icelanders are offering syrian refugees their homes,1.0,0.2732,0.0,0.851,0.149
rt time thousands of icelanders have offered to take syrian refugees into their own homes,1.0,0.0,0.0,1.0,0.0
rt kent_babylon yvette cooper calls on david cameron to accept 10000 fleeing syrians daily mail online totally agree refugees http,1.0,0.659,0.0,0.769,0.231
love this 11000 icelanders offer their homes to syrian refugees migrants refugees tocalaiswithlove refugeecrisis,1.0,0.6369,0.0,0.756,0.244
rt jenniferpadjemi iceland caps syrian refugees at 50 10000 icelanders respond by offering their homes via sla,1.0,0.0,0.0,1.0,0.0
rt slate iceland caps syrian refugees at 50 10000 icelanders respond by offering their homes,1.0,0.0,0.0,1.0,0.0
photos fear and frustration on the faces of syrian refugees at the edges of europe via qz,1.0,-0.743,0.296,0.704,0.0
rt occuworld iceland said it would only take 50 syrian refugees so 10000 icelanders offered up their own homes,1.0,0.0,0.0,1.0,0.0
merkel refugee flood means world sees germany as country of hope,1.0,0.4404,0.0,0.775,0.225
awww people are beautiful iceland caps syrian refugees at 50 10000 icelanders respond by offering their homes,1.0,0.5994,0.0,0.804,0.196
what is the situation in keleti are there any signs that refugees can leave by train any informations about other trainstations,1.0,-0.0516,0.057,0.943,0.0
rt matinastevis in recently bankrupt non-eu member iceland of 300k citizens 10000 offer homes to refugees what were you saying http,1.0,-0.5574,0.153,0.847,0.0
rt bouckap hungary police give water food 2 newly arrived syrianrefugees after exhausting walk from serbia,1.0,-0.3612,0.152,0.848,0.0
chaos in hungary as 1000 migrants force evacuation of budapest station after trying to board train ubertalks,1.0,-0.5719,0.188,0.812,0.0
rt harryslaststand remember driving in 1945 across liberated europe amp seeing the endless columns of refugees heading west away from war,1.0,-0.5994,0.163,0.837,0.0
integritet melissarfleming if europe opened borders to refugees millions will come not cause they need it only cause they can,1.0,0.0,0.0,1.0,0.0
rt martinkaul see the picture of the girl refugees in budapest keleti asking for asylum in germany refugeeswelcome,1.0,0.0,0.0,1.0,0.0
rt mudar_zahran why syrian refugees are choosing europe despite risk to save their women from being married to arab men in exchange of f,1.0,-0.2057,0.103,0.825,0.071
france criticises hungarys fence to stop migrants,1.0,-0.5423,0.474,0.526,0.0
rt theeconomist people who cross deserts and seas to reach europe are unlikely to be slackers when they arrive htt,1.0,0.0258,0.0,0.945,0.055
rt orapmagon proud about 20000 people took to the streets of vienna on monday to demonstrate against ill-treatment of refugees http,1.0,0.4767,0.0,0.866,0.134
rt donrok this arabic graffiti train is running in dresden welcoming refugees ahlan wa sahlan - a warm welcome,1.0,0.7783,0.0,0.642,0.358
rt peterc17 if youre going to bombinvadedisplace the government of a country you should be more welcoming to the inevitable refugees f,1.0,0.4927,0.0,0.856,0.144
rt souidos respect to vienna refugeesgr refugeeswelcome refugeecrisis,1.0,0.4767,0.0,0.693,0.307
rt themoedee a train in germany reads welcome in arabic to welcome syrian refugees humanity lives in this country,1.0,0.7184,0.0,0.727,0.273
rt bershidsky im glad germany welcomes refugees it accepted our family too when we needed it and im happy to pay for it to take in,1.0,0.8779,0.041,0.619,0.339
rt proftahirmalik azazsyed ahmad_noorani austrian people gave shelter gifts 2 syrian refugees while gulf state ksakuwait did nothing ht,1.0,0.0,0.0,1.0,0.0
rt joyciemannie what chaos quiet orderly scenes as refugees arrive at munich train station from budapest,1.0,-0.5719,0.198,0.802,0.0
rt oliviawilde wow while we try to throw people out and build a wall others are opening their homes to refugees true humanity https,1.0,0.765,0.0,0.761,0.239
iceland caps syrian refugees at 50 10000 icelanders respond by offering their homes via slate,1.0,0.0,0.0,1.0,0.0
munich police are inundated with donations for refugees and are asking the public to stop bringing stuff for now,1.0,-0.296,0.109,0.891,0.0
rt taraobrady iceland caps syrian refugees at 50 10000 icelanders respond by offering their homes via slate,1.0,0.0,0.0,1.0,0.0
rt matinastevis in recently bankrupt non-eu member iceland of 300k citizens 10000 offer homes to refugees what were you saying http,1.0,-0.5574,0.153,0.847,0.0
rt cnnireport with no food sleep crowds of syrian refugees pass through germany photos by fpleitgencnn http,1.0,-0.296,0.121,0.879,0.0
rt newgreatgame this is how one german town welcomed a coach-load of syrian refugees refugeeswelcome,1.0,0.34,0.0,0.844,0.156
rt ruptly refugee influx prompts police to shut down budapest main station,1.0,0.0,0.0,1.0,0.0
rt huffpostuk a refugee in germany has named her baby angela merkel no news yet of any david camerons in uk http,1.0,-0.296,0.099,0.901,0.0
rt tommayereuropa look at this picture from train station vienna westbahnhof hundreds of citizens waiting for 1500 refugees,1.0,0.0,0.0,1.0,0.0
rt ianbremmer july 107500 refugees reached eu borders1st time past 100k mark in a single month,1.0,0.1027,0.0,0.909,0.091
unbelievable african migrant hides inside car engine to enter spain generalnews latest,1.0,0.0258,0.126,0.741,0.133
rt maxcroser icelands government wanted to accept 50 syrian refugeesicelanders reaction see screenshot http,1.0,0.3818,0.0,0.833,0.167
migrant chaos at budapest train station germany says eu rules still hold - reut,1.0,-0.5719,0.236,0.764,0.0
rt taraobrady iceland caps syrian refugees at 50 10000 icelanders respond by offering their homes via slate,1.0,0.0,0.0,1.0,0.0
rt cnnireport with no food sleep crowds of syrian refugees pass through germany photos by fpleitgencnn http,1.0,-0.296,0.121,0.879,0.0
rt afp a market for fake syrian passports springs up says head of europes border agency,1.0,-0.4767,0.181,0.819,0.0
rt drpaulhowe hungary stops migrants boarding trains to germany as migrants and refugees continue to make the journey to co,1.0,-0.1531,0.078,0.922,0.0
rt brontyman iceland said it could only accept 50 syrian refugees then 10000 big-hearted icelanders offered up their homes,1.0,0.3818,0.0,0.874,0.126
rt chara_fc 1000s icelanders called on their govt to take in more syrianrefugeesmany offering to house them in their own homes,1.0,0.0,0.0,1.0,0.0
rt independent german people donated so much to refugees that police had to ask them to stop,1.0,-0.296,0.121,0.879,0.0
protests swell in budapest as police shut train station migrants seeking refuge from the instability of syria,1.0,-0.2263,0.106,0.894,0.0
rt lizsly hey world the reason theres a refugee crisis in europe is that theres a mega-tragedy going on in the middle east,1.0,-0.6249,0.17,0.83,0.0
rt gerryhassan iceland really is a tremendous society 10000 icelanders have offered to house syrian refugees in their homes,1.0,0.0,0.0,1.0,0.0
rt 38_degrees football fans said refugeeswelcome in germany this weekend rt if you think the uk should step up to the mark,1.0,0.0,0.0,1.0,0.0
rt syndicalisms hungary keleti now in solidarity with refugees refugeeswelcome,1.0,0.296,0.0,0.804,0.196
rt ajplus some people in europe are offering a warm welcome to refugees,1.0,0.5994,0.0,0.671,0.329
rt amyinthedesert 10000 icelanders offer to house syrian refugees after authors call via telegraph,1.0,0.0,0.0,1.0,0.0
rt mirakamdar a lesson for us all thousands of icelanders are offering syrian refugees their homes on fb https,1.0,0.0,0.0,1.0,0.0
a tale of two train stations scenes from europe as refugees seek shelter,1.0,0.0,0.0,1.0,0.0
from turkey to sweden syrian migrants perilous journey syrian migrants perilous journey from turkey to sweden,1.0,0.0,0.0,1.0,0.0
rt amyinthedesert 10000 icelanders offer to house syrian refugees after authors call via telegraph,1.0,0.0,0.0,1.0,0.0
rt ftwestminster cooper urges uk to take 10000 refugees,1.0,0.0,0.0,1.0,0.0
rt haaretzcom berlin couple launches website matching refugees with roommates in germany austria,1.0,0.0,0.0,1.0,0.0
a tale of two train stations scenes from europe as refugees seek shelter,1.0,0.0,0.0,1.0,0.0
rt mobinmalikspeak syrian refugees kids at shelter school in darmstadthessengermany more thn 5000 syrians registered here in germany ht,1.0,0.0,0.0,1.0,0.0
rt doberah we love germany cry relieved refugees at munich station afp reportage via yahoonews,1.0,0.5719,0.142,0.548,0.311
rt maxcroser icelands government wanted to accept 50 syrian refugeesicelanders reaction see screenshot http,1.0,0.3818,0.0,0.833,0.167
rt scamp_faridxx respect to the germans for refugeeswelcome amp shame to the dutch racists who are slowly becoming the laughing stock of,1.0,-0.0772,0.214,0.583,0.204
rt nytimesworld a dramatic tale of syrian refugees plotting each move until they make it to hungary,1.0,0.0,0.0,1.0,0.0
rt newsrevo icelanders call on government to take in more syrian refugees -,1.0,0.0,0.0,1.0,0.0
rt jenanmoussa amazing germany tarin in dresden welcoming refugees with arabic text you are welcome v donrok akhbar,1.0,0.8658,0.0,0.591,0.409
refugees welcome - austria lets thousands pass from hungary to germany,1.0,0.4588,0.0,0.75,0.25
rt subutcher thousands of icelanders offer to take syrian refugees into their homes,1.0,0.0,0.0,1.0,0.0
rt faisalislam munich police overwhelmed with too much help from germans for refugees polizeimuenchen via matinastevis,1.0,0.4404,0.0,0.782,0.218
rt faisalislam munich police overwhelmed with too much help from germans for refugees polizeimuenchen via matinastevis,1.0,0.4404,0.0,0.782,0.218
rt kbrady90 munich police overwhelmed with help for refugees ask german public to stop bringing supplies refugeeswelcome,1.0,0.1779,0.109,0.697,0.194
rt itvnews thousands of people from iceland have offered to take in syrian refugees,1.0,0.0,0.0,1.0,0.0
rt themockneyrebel thousands of refugees arrive in austria as the migrant crisis in europe continues,1.0,-0.6249,0.227,0.773,0.0
rt ajplus some people in europe are offering a warm welcome to refugees,1.0,0.5994,0.0,0.671,0.329
rt jenanmoussa amazing germany tarin in dresden welcoming refugees with arabic text you are welcome v donrok akhbar,1.0,0.8658,0.0,0.591,0.409
rt slate iceland caps syrian refugees at 50 10000 icelanders respond by offering their homes,1.0,0.0,0.0,1.0,0.0
rt kbrady90 a dresden train has been graffitied with the words for welcome in arabic refugeeswelcome,1.0,0.4588,0.0,0.824,0.176
rt brontyman iceland said it could only accept 50 syrian refugees then 10000 big-hearted icelanders offered up their homes,1.0,0.3818,0.0,0.874,0.126
rt mannfrednikolai syrian civil war refugeesturkey 1800000lebanon 1200000jordan 600000iraq 250000germany 105000sweden 4000,1.0,-0.5994,0.262,0.738,0.0
germony is going to take 800k refugees in a year overcoming nazi syndrome by being too humane,1.0,0.0,0.0,1.0,0.0
rt arwacnn syria refugee at budapest station can media spend night wus we r scared police will force us 2 camps or far right guys wi,1.0,-0.4404,0.112,0.888,0.0
rt bonn1egreer 195657-200000 refugees fled hungary and given asylum-via angusrobertsonrefugeecrisis,1.0,0.0,0.0,1.0,0.0
rt a_royomarine germany ready to accept 800000 refugees spain 2739 shame need4moreeurope,1.0,0.25,0.18,0.523,0.297
rt laurenyoung budapest train station closes to migrants in 2015 140000 crossed into hungary from serbia http,1.0,0.0,0.0,1.0,0.0
rt alexandrake ukraine 1450000 people are internally displaced map by unhcr refugees,1.0,0.0,0.0,1.0,0.0
rt bonn1egreer 195657-200000 refugees fled hungary and given asylum-via angusrobertsonrefugeecrisis,1.0,0.0,0.0,1.0,0.0
rt bbcnews wednesdays metro ten refugee families for every town via suttonnick tomorrowspaperstoday bbcpape,1.0,0.0,0.0,1.0,0.0
chaos in budapest train station amid europes migrant crisis chaos in budapest train station as hungary stops,1.0,-0.9201,0.502,0.498,0.0
latest shocking desperate african migrant caught hiding in cars engine in attempt to enter spain,1.0,-0.7351,0.375,0.625,0.0
rt rgcooke sweden population 10 million will this year take in 100000 syrian refugees australia population 23 million will take i,1.0,0.0,0.0,1.0,0.0
rt ghobadtavana migrant children recovering after being rescued from austria minivan news sms sydney,1.0,0.4215,0.0,0.823,0.177
there are 20 million refugees waiting at the doorstep of europe johannes hahn eu commissioner for european neighbourhood policy dvatw,1.0,0.0,0.0,1.0,0.0
rt frank_fisher dear bbc migrants in hungary are not trying to travel to europe they are in europe they are trying to claim asylum,1.0,0.3818,0.0,0.898,0.102
rt france24 hungary to return economic migrants where they came from,1.0,0.0,0.0,1.0,0.0
rosmcm one positive - yvette sticking her neck out finally and saying we need to take thousands of syrian refugees,1.0,0.5574,0.0,0.833,0.167
rt neilmackay its easy to espouse european values nows the time to show european values and act together to help the refugees seeking,1.0,0.875,0.0,0.633,0.367
rt kbrady90 munich police overwhelmed with help for refugees ask german public to stop bringing supplies refugeeswelcome,1.0,0.1779,0.109,0.697,0.194
rt bassamnadi1 europe needs a call for empathythey fled war crossed the seaare heroes of tragic storiesrefugeeswelcome,1.0,-0.5574,0.297,0.56,0.142
rt bradleyrayres europe breaking up eu could scrap free movement in wake of migrant crisis,1.0,-0.2023,0.201,0.637,0.162
afghan refugees in pak should be handed over back too afghanistan its a matter of national security now we helped as much poss pakistan,1.0,0.3612,0.0,0.857,0.143
rt louisathelast wow icelands government said theyd take 50 syrian refugee and 10000 icelanders said theyd personally take in at le,1.0,0.5859,0.0,0.84,0.16
rt skynews metro front page ten refugee families for every town skynews,1.0,0.0,0.0,1.0,0.0
petition accept more asylum seekers and increase support for refugee migrants in the uk,1.0,0.765,0.0,0.591,0.409
rt jamesmatesitv the covered concourse leading to the underground station can only be described as a refugee camp budapest,1.0,0.0,0.0,1.0,0.0
rt iran_policy 7 iranian refugees were abducted from campashraf iraq by forces loyal2tehran on 1sep2013 freethe7 ashrafmassacre http,1.0,-0.5106,0.171,0.829,0.0
rt wfp i know the world has forgotten us were too much of a burden fatmeh syrian refugee,1.0,-0.5859,0.255,0.745,0.0
rt wientv in cooperation with newsrevo train of hope refugees welcomed in austria amp germany delayed in hungary,1.0,0.5267,0.086,0.676,0.239
how did it work out whats the status of the syrian people look at the well educated syrian refugees that arrived,1.0,0.2732,0.0,0.905,0.095
rt polizeimuenchen please do not bring any more goods for the momentthe donations at hand will be sufficient for the refugees present an,1.0,0.6705,0.0,0.792,0.208
rt polizeimuenchen we are thrilled by the myriad of relief supplies the citizens of munich provided for the refugees at the central stat,1.0,0.7184,0.0,0.778,0.222
rt gisela_estep migrant children recovering after being rescued from austria minivan reuters iran usa,1.0,0.4215,0.0,0.823,0.177
baijiulover 34 would allow for military intervention in migrant crisis the lacking element is all other means not exhausted,1.0,-0.2709,0.17,0.664,0.166
rt davidschneider we simply cant afford to allow more refugees in oh and heres 500m towards nuclear weapons - tories,1.0,-0.5523,0.212,0.788,0.0
rt ianbremmer after iceland govt offers to take all of 50 syrian refugees 11000 icelandic citizens sign up to open their homes to a refu,1.0,0.0,0.0,1.0,0.0
europe is being swamped invaded ethnically cleansed colonised enough migrants close the borders now eu schengen,1.0,0.0,0.0,1.0,0.0
we dont need to take more responsibility for thousands of imigrants we need to take more responsabilty for millions of britishbluehand,1.0,0.0,0.0,1.0,0.0
rt bbcworld 2 weeks 9 countries 3000 euros a syrian migrants journey from turkey to sweden,1.0,0.0,0.0,1.0,0.0
rt catanigra 350000 migrants have crossed the mediterranean in 2015 so far 100000 more than in all of 2014,1.0,0.0,0.0,1.0,0.0
stranded on train in calais by refugee crisis appropriately reading postcapitalism by paulmasonnews till the lights went out,1.0,-0.6249,0.194,0.806,0.0
top story train of hope refugees welcomed in austria amp germany delayed in hu see more,1.0,0.6369,0.09,0.571,0.338
rt 7piliers there are over 4 million syrian refugees spread out over five neighboring countriesgif by nowthisnews,1.0,0.0,0.0,1.0,0.0
in past 9yrs the canadian government jailed 87317 migrants including hundreds of children without charges cdnpoli,1.0,-0.3369,0.168,0.736,0.095
rt kon__k while germany decides to take 800000 refugees in one year australias refugee intake 13750 is lower than it was under p,1.0,-0.296,0.095,0.905,0.0
rt londonerabroad refugees in standoff outside budapest rail station ajenews,1.0,0.0,0.0,1.0,0.0
rt msnbc hundreds of migrants stopped at hungary rail station,1.0,-0.2263,0.174,0.826,0.0
migrant chaos at budapest train station germany says eu rules still hold hundreds of angry migrants demonstr,1.0,-0.7906,0.318,0.682,0.0
rt scott_gilmore 1 million refugees may flee to europe this year but thats not the real refugee crisis my macleansmag column http,1.0,-0.7684,0.22,0.78,0.0
thousands more migrants reach athens boats carrying thousands of migrants arrive overnight in mainland greece,1.0,0.0972,0.0,0.91,0.09
chpsre rt refugees over 140000 people sought asylum in hungary so far this year,1.0,0.0,0.0,1.0,0.0
rt sturdyalex greek tourists rescue syrian refugee he clung to a car tyre for 13hrs this pic says it all http,1.0,0.5106,0.0,0.852,0.148
rt telegraph ferry carrying thousands of migrants arrives from lesbos,1.0,0.0,0.0,1.0,0.0
record number of 4000 arrive inlesvos this weekend refugeesgr,1.0,0.0772,0.0,0.86,0.14
